Gene	pval	adjp	log2fc	Chr	Start	End	Strand	Biotype	Name	Description	Cnt_1 count	Cnt_2 count	Cnt_3 count	Cnt_4 count	Cnt_6 count	Amp_1 count	Amp_2 count	Amp_3 count	Amp_4 count	Amp_5 count	Amp_6 count	Nic_1 count	Nic_4 count	Nic_5 count	Nic_6 count	Nic_7 count	Oxy_1 count	Oxy_2 count	Oxy_3 count	Oxy_4 count	Oxy_5 count	Oxy_6 count	Cnt_1 normalised count	Cnt_2 normalised count	Cnt_3 normalised count	Cnt_4 normalised count	Cnt_6 normalised count	Amp_1 normalised count	Amp_2 normalised count	Amp_3 normalised count	Amp_4 normalised count	Amp_5 normalised count	Amp_6 normalised count	Nic_1 normalised count	Nic_4 normalised count	Nic_5 normalised count	Nic_6 normalised count	Nic_7 normalised count	Oxy_1 normalised count	Oxy_2 normalised count	Oxy_3 normalised count	Oxy_4 normalised count	Oxy_5 normalised count	Oxy_6 normalised count
ENSDARG00000041294	4.8568569021569085e-37	1.0762794895179709e-32	1.5708665279262384	3	62161184	62169060	1	protein_coding	noxo1a	NADPH oxidase organizer 1a [Source:ZFIN;Acc:ZDB-GENE-030131-9700]	78	106	96	89	114	60	41	69	46	57	49	226	380	251	232	301	84	70	71	57	52	78	85.9659824253247	99.7485871045339	79.95447502721132	89.38412560564021	104.73138292368387	55.14702031031967	40.70053705271618	65.93644882964313	53.194478679547196	60.24002648999144	59.24430573482297	237.8420226186138	321.70167049794424	248.62663065782328	260.1952588761439	294.75909244819314	83.29432409018594	70.52683902424143	61.15443489388123	63.10007833372644	52.85608149470185	71.38952287724527
ENSDARG00000060498	1.1230673527283708e-25	1.244358626823035e-21	1.592118291691776	23	30006206	30010042	1	protein_coding	tnfrsf9a	tumor necrosis factor receptor superfamily, member 9a [Source:ZFIN;Acc:ZDB-GENE-060421-8213]	30	50	52	38	48	45	35	44	36	41	43	96	155	142	110	129	39	44	30	36	33	33	33.063839394355654	47.05122033232731	43.30867397307279	38.16400868555424	44.09742438891952	41.36026523273975	34.744360898660155	42.04643113774345	41.6304615752978	43.33054536999384	51.9899009509671	101.03023969640233	131.22041822942464	140.65729702554145	123.36844170851651	126.32532533493992	38.67236475615776	44.33115595809461	25.83990206783714	39.85268105287985	33.543282487022324	30.203259678834538
ENSDARG00000031683	3.2126773486673298e-25	2.373097668215601e-21	-1.2778769479166197	20	46552311	46554440	-1	protein_coding	fosab	v-fos FBJ murine osteosarcoma viral oncogene homolog Ab [Source:ZFIN;Acc:ZDB-GENE-031222-4]	555	976	720	537	953	215	218	254	209	196	198	250	328	313	258	329	198	205	266	222	193	232	611.6810287955796	918.4398208870291	599.6585627040848	539.3177016879639	875.5176133883397	197.6101561119788	216.40773359736895	242.7225797497008	241.68795747881225	207.1411437199706	239.39535786724386	263.0995825427144	277.67933664033086	310.0403800633414	289.3550723708842	322.17854290849016	196.336621069724	206.5428857138499	229.11379833482263	245.75819982609244	196.17737939379725	212.33806804513978
ENSDARG00000077982	5.34427136943332e-18	2.960726338666059e-14	0.9348993468180784	22	661505	665371	1	protein_coding	elf3	E74-like factor 3 (ets domain transcription factor, epithelial-specific ) [Source:ZFIN;Acc:ZDB-GENE-030131-8760]	445	718	637	651	691	437	353	385	397	484	329	965	1229	1219	1028	1320	611	501	567	433	449	672	490.44695101627553	675.6555239722202	530.5312561701418	653.8097277446267	634.819171932154	401.6541312601616	350.42169706362955	367.90627245525513	459.09147903870075	511.51180387992736	397.7831956480971	1015.5643886148775	1040.450929057825	1207.4735568601059	1152.9341643304997	1292.6312359854317	605.8670478464716	504.77066215921366	488.37414908212196	479.3391915526938	456.3919344446371	615.048197096267
ENSDARG00000070480	1.2960109422936226e-17	5.743920496245335e-14	1.0698462356039453	19	30400372	30404096	-1	protein_coding	agr2	anterior gradient 2 [Source:NCBI gene;Acc:335616]	213	292	312	248	231	165	143	165	161	212	166	376	650	599	390	618	220	225	203	211	193	237	234.75325969992514	274.77912674079147	259.85204383843677	249.0703724741435	212.2188548716752	151.65430585337907	141.9555316716686	157.67411676653794	186.18067537841517	224.05062483996818	200.70519902001251	395.70177214424245	550.2791732201678	593.3360628049248	437.397202421104	605.1864423022703	218.15180118858223	226.69341114934747	174.85000399236463	233.58099172660135	196.17737939379725	216.91431951162986
ENSDARG00000007769	4.2786143072978604e-17	1.58023488416201e-13	1.678469530719787	7	56602521	56606752	-1	protein_coding	sult5a1	sulfotransferase family 5A, member 1 [Source:ZFIN;Acc:ZDB-GENE-060929-978]	54	195	129	170	151	74	46	70	76	68	42	381	480	396	468	400	56	61	67	49	33	65	59.514910909840175	183.4997592960765	107.4388258178152	170.73372306695322	138.72314755680932	68.01465838272759	45.6640171810962	66.89204953731912	87.88652999229537	71.8652947599898	50.78083348699112	400.9637637950967	406.3600048395085	392.25556071911564	524.8766429053248	391.70643514710054	55.529549393457295	61.45910257826753	57.709114618169615	54.24392698864202	33.543282487022324	59.49126906437106
ENSDARG00000102435	6.065262959333936e-17	1.9200889596977146e-13	1.05386976049234	7	45975537	45976956	1	protein_coding	plekhf1	pleckstrin homology domain containing, family F (with FYVE domain) member 1 [Source:ZFIN;Acc:ZDB-GENE-040426-1289]	237	403	434	239	382	314	329	272	307	351	227	544	796	723	560	737	353	332	449	391	277	434	261.20433121540964	379.2328358785581	361.46085585218447	240.0315283117754	350.94200242848456	288.60273962400623	326.59699244740546	259.92339248786857	355.01532510045627	370.95174206994733	274.4583143225472	572.5046916129465	673.8803413588516	716.163561615961	628.057521425175	721.7191067585327	350.0344809980433	334.4987222292594	386.7372009486292	432.8443969910006	281.5602802698541	397.2186272913391
ENSDARG00000101482	9.744395330879657e-17	2.699197506653665e-13	0.9350178937810717	5	13870340	14004206	1	protein_coding	hk2	hexokinase 2 [Source:ZFIN;Acc:ZDB-GENE-040426-2017]	104	126	153	153	144	127	114	115	122	121	82	188	296	245	229	294	139	141	136	136	136	123	114.62130990043293	118.56907523746482	127.42744457461804	153.6603507602579	132.29227316675858	116.7278596568433	113.1673469270645	109.89408138273855	141.08100867184257	127.87795096998184	99.14353204603027	197.85088607212123	250.58866965103027	242.68336458632152	256.8306650113662	287.9042298331189	137.8322743873315	142.06120432025773	117.14088937419504	150.554572866435	138.2389823707587	112.57578607565601
ENSDARG00000034503	2.271718055250632e-16	5.593474678261556e-13	0.608192119359507	2	48309600	48375342	-1	protein_coding	per2	period circadian clock 2 [Source:ZFIN;Acc:ZDB-GENE-011220-2]	575	760	717	571	737	1174	1340	1325	921	1068	812	932	1186	959	848	1007	1526	1720	1758	1401	1538	1709	633.7235883918166	715.1785490513751	597.1599853594845	573.4644463013545	677.0792036382019	1079.0433640719214	1330.2126744058457	1266.1709376706833	1065.0459753013688	1128.7078647598396	981.762780748495	980.8352437192393	1004.0478452909523	949.93202709503	951.0585324438364	986.1209504828255	1513.1802209717114	1732.9451874527895	1514.2182611752564	1550.9335043079077	1563.320256516374	1564.1627512463099
ENSDARG00000013670	1.0502675670501591e-14	2.3273929285831528e-11	0.5014985864942816	10	29770120	29791466	1	protein_coding	hyou1	hypoxia up-regulated 1 [Source:NCBI gene;Acc:327133]	382	477	492	434	485	413	396	380	297	349	304	536	753	656	530	623	496	496	483	399	411	449	421.01288828812864	448.8686419704025	409.766684514458	435.8731518297511	445.5677255963744	379.5953231360337	393.10762616769773	363.12826891687524	343.4513079962069	368.8380569299476	367.55650904869765	564.0855049715797	637.477257591979	649.7970904841915	594.4115827773977	610.082772741609	491.8331517706218	499.7330308003393	416.02242329217796	441.70054833608503	417.76633642927806	410.9473816908093
ENSDARG00000039490	1.5028840052534994e-14	3.027628141492504e-11	0.6084675577935936	15	28410664	28425011	1	protein_coding	pitpnaa	phosphatidylinositol transfer protein, alpha a [Source:ZFIN;Acc:ZDB-GENE-040426-744]	324	401	420	388	347	347	305	354	308	353	258	502	610	559	476	612	429	380	432	443	369	441	357.08946545904104	377.350787065265	349.8008282440495	389.6746149998697	318.7876304782307	318.9336007946821	302.7722878311813	338.28265051729954	356.1717268108812	373.065427209947	311.9394057058026	528.3039617457705	516.4158394835421	553.7142889949132	533.8488932113987	599.3108457750637	425.39601231773537	382.8599832744535	372.09458977685483	490.4093807340493	375.0748859912497	403.6253793444252
ENSDARG00000004748	1.840667992905447e-14	3.399100226898725e-11	0.9453038228230849	3	39472342	39488639	-1	protein_coding	zgc:100868	zgc:100868 [Source:ZFIN;Acc:ZDB-GENE-040801-33]	1952	2906	3461	3418	2495	1724	1431	1531	1791	1837	1615	3919	6573	5409	4523	5988	1949	1685	2360	1949	1582	1919	2151.353816592741	2734.616925714863	2882.5253965539414	3432.7521496638005	2292.1473718823795	1584.5577169165183	1420.5480127423623	1463.0246834519367	2071.1154633710657	1941.4198010897242	1952.6439543212061	4124.3490559395905	5564.59231627102	5357.8543634588295	5072.686016796547	5863.845334152094	1932.6266387115763	1697.6817679406688	2032.738962669855	2157.57987144619	1608.044633165737	1756.3653128388933
ENSDARG00000102808	2.1525115099924383e-14	3.669204235494802e-11	0.682117743544496	2	55783896	55797318	-1	protein_coding	calr3b	calreticulin 3b [Source:ZFIN;Acc:ZDB-GENE-030131-9907]	369	461	446	434	456	436	401	329	314	330	352	555	931	723	550	617	516	449	549	381	465	458	406.68522455057456	433.8122514640578	371.4551652305859	435.8731518297511	418.92553169473547	400.73501425498955	398.07110629607774	314.39263282539986	363.11013707343085	348.7580480999505	425.5917473195446	584.0810732448259	788.1690927199635	716.163561615961	616.8422085425826	604.2071762144026	511.6651336968565	452.37929602692003	472.87020784141964	421.77420780964513	472.65534413531464	419.18463433049146
ENSDARG00000059294	2.335336610338361e-14	3.696504234649863e-11	1.3129715057113596	9	795609	813693	-1	protein_coding	marco	macrophage receptor with collagenous structure [Source:ZFIN;Acc:ZDB-GENE-120514-2]	59	70	89	73	53	81	72	89	131	83	64	131	217	148	178	148	78	85	80	70	65	92	65.02555080889945	65.87170846525824	74.12446122314383	73.31506931698578	48.69090609609864	74.44847741893155	71.47411384867232	85.04846298316288	151.488624065667	87.71793330998754	77.38031769446266	137.86418125238234	183.7085855211945	146.60056309704322	199.6325693101449	144.93138100442718	77.34472951231552	85.63973310086459	68.90640551423238	77.4913242694886	66.07010186837731	84.2030269834175
ENSDARG00000058731	4.547661987292114e-14	6.71841264255955e-11	1.6255263835067286	8	12854105	12867434	-1	protein_coding	slc2a6	solute carrier family 2 member 6 [Source:ZFIN;Acc:ZDB-GENE-081104-301]	44	38	68	77	29	41	35	47	68	43	31	113	173	170	138	169	36	32	28	25	27	37	48.493631111721626	35.758927452568756	56.634419810941345	77.3323333891494	26.64219390163888	37.68379721205177	34.744360898660155	44.913233260771406	78.63531630889585	45.444230509993545	37.48109138325535	118.9210113093069	146.4589184109062	168.39253869254964	154.77131777977527	165.49596884964996	35.69756746722255	32.240840696796084	24.11724192998133	27.675472953388788	27.44450385301827	33.864260852026604
ENSDARG00000030896	7.700243054764201e-14	1.0664836630848419e-10	-0.9714273872760771	2	720779	722170	-1	protein_coding	foxq1a	forkhead box Q1a [Source:ZFIN;Acc:ZDB-GENE-070424-74]	179	211	240	130	232	84	124	110	93	110	101	77	108	100	99	100	145	155	170	144	141	182	197.28090838632207	198.55614980242123	199.88618756802828	130.56108234531715	213.13755121311104	77.20582843444753	123.09430718382454	105.11607784435861	107.54535906951932	116.25268269998348	122.11581386157388	81.03467142315604	91.43100108888942	99.0544345250292	111.03159753766487	97.92660878677513	143.78186896520194	156.16657212510603	146.4261117177438	159.4107242115194	143.3212978990954	166.57555338023897
ENSDARG00000117300	2.950965842624699e-13	3.846670768974313e-10	2.047523143718262	18	38859119	38865170	-1	lincRNA	BX936456.1	NA	15	10	17	27	22	9	17	16	16	15	13	49	100	64	61	93	27	13	23	15	6	30	16.531919697177827	9.410244066465461	14.158604952735336	27.116532487104333	20.211319511588115	8.27205304654795	16.875832436492075	15.2896113228158	18.502427366799022	15.852638549997748	15.717877031687728	51.56751817837202	84.65833434156428	63.39483809601869	68.4134085838137	91.07174617170087	26.77317560041691	13.097841533073408	19.810591585341808	16.60528377203327	6.098778634004059	27.45750879894049
ENSDARG00000102758	6.24891371636633e-13	7.693107108593215e-10	1.2497511647093371	8	52479026	52490474	1	protein_coding	FO704661.1	gamma-glutamyl hydrolase [Source:NCBI gene;Acc:553228]	70	110	103	96	84	53	42	50	84	58	59	150	258	197	200	256	51	46	50	61	38	66	77.14895858682986	103.51268473112007	85.78448883127881	96.41433773192652	77.17049268060917	48.713201274115704	41.69323307839218	47.78003538379937	97.13774367569488	61.296869059991295	71.33498037458276	157.85974952562864	218.41850260123584	195.13723601430752	224.3062576518482	250.69211849414432	50.57155391189861	46.34620850164437	43.06650344639523	67.52815400626864	38.625598015359046	60.406519357669076
ENSDARG00000004754	1.1870840058275687e-12	1.3845148194283642e-9	0.6225741041653835	21	43137500	43171249	-1	protein_coding	hspa4a	heat shock protein 4a [Source:ZFIN;Acc:ZDB-GENE-040426-2832]	399	377	402	397	389	359	328	415	287	328	323	563	655	585	534	584	409	386	363	420	368	432	439.7490639449302	354.7662013057479	334.8093641764474	398.71345916223777	357.3728768185353	329.963004856746	325.60429642172943	396.57429368553477	331.8872908919575	346.64436295995074	390.5287908642412	592.5002598861928	554.5120899372461	579.4684419714208	598.8977079304348	571.8913953147668	405.5640303915006	388.90514090510277	312.6628150208294	464.94794561693163	374.05842288558233	395.38812670474306
ENSDARG00000099960	1.8135244625279271e-12	2.009385104480943e-9	0.7529158489925946	2	19163965	19215112	1	protein_coding	elovl1a	ELOVL fatty acid elongase 1a [Source:ZFIN;Acc:ZDB-GENE-041010-66]	110	121	178	130	129	104	106	140	113	115	82	188	248	191	205	247	134	122	173	129	136	140	121.23407777930406	113.86395320423209	148.24892244628765	130.56108234531715	118.51182804522122	95.58816853788743	105.22577872165645	133.78409907463825	130.6733932780181	121.53689554998273	99.14353204603027	197.85088607212123	209.95266916707942	189.19396994280575	229.9139140931444	241.87872370333457	132.87427890577283	122.91820515653507	149.0101019245275	142.80544043948615	138.2389823707587	128.1350410617223
ENSDARG00000056615	1.9333815225348342e-12	2.0401778352081867e-9	1.0001961005103033	11	29795155	29818866	-1	protein_coding	cybb	cytochrome b-245, beta polypeptide (chronic granulomatous disease) [Source:ZFIN;Acc:ZDB-GENE-040426-1380]	122	136	196	127	151	170	134	123	172	139	122	224	305	230	319	315	144	162	138	102	107	166	134.45961353704632	127.97931930393028	163.24038651388977	127.54813429119446	138.72314755680932	156.24989087923905	133.02126744058458	117.53888704414645	198.9010941930895	146.90111722997912	147.50623060506945	235.7372259582721	258.20791974177104	227.82519940756714	357.7684809546979	308.4688176783417	142.7902698688902	163.21925602753018	118.86354951205084	112.91592964982625	108.76155230640573	151.93154868747072
ENSDARG00000073820	3.718752215697873e-12	3.745797686357494e-9	2.9104797591255944	14	11504504	11507426	-1	protein_coding	zgc:174917	zgc:174917 [Source:ZFIN;Acc:ZDB-GENE-070928-42]	66	61	92	200	85	97	59	67	105	66	71	560	921	690	503	1055	276	73	68	58	71	202	72.74044666758243	57.40248880543932	76.62303856774417	200.86320360818024	78.08918902204499	89.15434950168346	58.56906551488426	64.02524741429116	121.4221795946186	69.75160961999009	85.8437899422945	589.3430648956803	779.703259285807	683.4755982227015	564.1302379943983	1033.1257227004776	273.68135058203956	73.54941783956606	58.57044468709752	64.20709725186198	72.16888050238137	184.8805592461993
ENSDARG00000003570	4.1738335695608414e-12	4.021397908759489e-9	0.4407833142747087	4	9836465	9843836	1	protein_coding	hsp90b1	heat shock protein 90, beta (grp94), member 1 [Source:ZFIN;Acc:ZDB-GENE-031002-1]	1507	1675	1862	1648	1742	1401	1390	1356	1205	1342	1223	1805	2828	2383	1902	2167	1632	1605	1650	1518	1366	1628	1660.9068655764656	1576.2158811329648	1550.7836718819528	1655.1127977314052	1600.3690267812044	1287.6829242459642	1379.847475689646	1295.794559608639	1393.4640610620515	1418.2827289397985	1478.6895084426224	1899.5789859583979	2394.1376951794377	2360.4671747314455	2133.1525102690766	2122.069612409417	1618.2897251807556	1617.0796661986785	1421.1946137310426	1680.4547177297673	1388.4886023415909	1490.0274774891707
ENSDARG00000077799	8.08636824073915e-12	7.466413342282482e-9	-0.8249376898593891	23	45579497	45581626	1	protein_coding	egr4	early growth response 4 [Source:ZFIN;Acc:ZDB-GENE-080204-90]	338	383	428	233	396	169	166	199	170	148	169	161	229	194	175	205	145	172	197	171	159	239	372.51925717640705	360.4123477456272	356.4637011629838	234.00563220352998	363.80375120858605	155.33077387406706	164.7875402622167	190.1645408275215	196.58829077223962	156.41270035997778	204.33240141194045	169.43613115750807	193.8675856421822	192.16560297855665	196.26797544536717	200.74954801288902	143.78186896520194	173.29451874527894	169.6820235787972	189.30023500117932	161.6176338011076	218.74482009822592
ENSDARG00000053836	8.784218251254057e-12	7.786331057911595e-9	1.6916735021144296	2	37851124	37864665	-1	protein_coding	si:ch211-284o19.8	si:ch211-284o19.8 [Source:ZFIN;Acc:ZDB-GENE-070912-289]	27	27	41	54	34	48	69	53	78	39	45	86	112	99	141	126	50	29	32	40	16	39	29.757455454920088	25.40765897945675	34.14722370953817	54.233064974208666	31.235675608817996	44.117616248255736	68.4960257716443	50.64683750682733	90.19933341314524	41.21686022999415	54.40803587891906	90.50625639469375	94.817334462552	98.06389017977891	158.13591164455298	123.38752707133666	49.57995481558687	29.21826188147145	27.56256220569295	44.28075672542206	16.26340969067749	35.694761438622635
ENSDARG00000094678	9.162010501979772e-12	7.808852027841222e-9	1.3256624877823404	1	44784793	44796531	-1	protein_coding	si:dkey-9i23.6	si:dkey-9i23.6 [Source:ZFIN;Acc:ZDB-GENE-090313-365]	28	37	41	45	37	20	15	16	21	25	25	65	138	75	88	91	25	21	21	27	25	19	30.85958343473194	34.81790304592221	34.14722370953817	45.19422081184055	33.99176463312546	18.382340103439887	14.890440385140066	15.2896113228158	24.28443591892372	26.421064249996245	30.226686599399475	68.40589146110574	116.8285013913587	74.2908258937719	98.69475336681322	89.11321399596537	24.789977407793437	21.158051707272428	18.087931447486	29.88951078965989	25.411577641683582	17.38975557266231
ENSDARG00000076914	3.428621527189234e-11	2.8140093719449416e-8	1.2873456433559975	9	18572970	18587754	1	protein_coding	lacc1	laccase (multicopper oxidoreductase) domain containing 1 [Source:ZFIN;Acc:ZDB-GENE-081104-155]	45	40	74	48	46	34	12	20	24	23	17	82	166	114	90	146	33	31	29	27	15	27	49.59575909153348	37.640976265861845	61.63157450014205	48.20716886596326	42.260031706047876	31.24997817584781	11.912352308112052	19.11201415351975	27.753641050198535	24.307379109996546	20.554146887591642	86.29666307401033	140.5328350069967	112.92205535853329	100.9378159433317	142.9728488286917	32.722770178287334	31.233314425021206	24.978571998909235	29.88951078965989	15.246946585010148	24.71175791904644
ENSDARG00000037421	3.751850861736395e-11	2.96932196771709e-8	-0.47430723180658146	14	21332522	21336385	-1	protein_coding	egr1	early growth response 1 [Source:NCBI gene;Acc:30498]	1968	2827	2816	1927	2686	1753	1502	1770	1356	1348	1324	1551	2130	1760	1398	1620	1324	1434	1768	1363	1402	1696	2168.987864269731	2660.275997589786	2345.331267464865	1935.3169667648167	2467.618373096622	1611.2121100665063	1491.0294305653586	1691.4132525864977	1568.0807193362173	1424.6237843597976	1600.8053223041961	1632.2698100950001	1803.2225214753191	1743.3580476405139	1567.900740986419	1586.411062345757	1312.8772035167403	1444.7926737251744	1522.8315618645354	1508.8667854187568	1425.0812741456152	1552.2644974334357
ENSDARG00000014340	4.60697325988417e-11	3.520363015139076e-8	0.7606368923291067	16	46725087	46741779	1	protein_coding	rab11al	RAB11a, member RAS oncogene family, like [Source:ZFIN;Acc:ZDB-GENE-031118-188]	80	108	130	143	133	109	118	128	89	122	94	170	257	200	162	182	125	124	165	102	139	120	88.1702383849484	101.630635917827	108.27168493268199	143.61719057984888	122.18661341096451	100.18375356374739	117.13813102976852	122.3168905825264	102.91975222781957	128.93479353998168	113.65234161374202	178.90771612904578	217.57191925782018	198.1088690500584	181.68806869799704	178.22642799193073	123.94988703896718	124.93325770008482	142.11946137310426	112.91592964982625	141.2883716877607	109.83003519576197
ENSDARG00000104773	5.6528172428834847e-11	4.125908562755881e-8	-0.47947137383781485	3	7654655	7656059	-1	protein_coding	junbb	JunB proto-oncogene, AP-1 transcription factor subunit b [Source:ZFIN;Acc:ZDB-GENE-040426-2666]	794	1066	946	875	987	558	461	571	467	448	481	571	708	676	606	658	496	519	595	545	490	596	875.089615970613	1003.1320174852182	787.8847226639782	878.7765157857885	906.7532889971577	512.8672888859729	457.632867836638	545.6480040829888	540.0395987684465	473.46547135993274	581.5614501724459	600.9194465275597	599.3810071382751	669.6079773891973	679.6479606851001	644.3570858169803	491.8331517706218	522.9061350511614	512.4913910121032	603.3253103838756	498.0669217769982	545.4891748056177
ENSDARG00000105749	5.7718034948299776e-11	4.125908562755881e-8	1.0878107084554824	4	72486529	72488135	-1	unprocessed_pseudogene	CR788316.2	NA	127	163	190	175	137	101	97	77	130	129	104	259	416	271	267	416	202	169	181	113	111	193	139.9702534361056	153.38697828338704	158.24323182468905	175.7553031571577	125.8613987767078	92.83081752237143	96.29151449057242	73.58125449105103	150.33222235524207	136.33269152998062	125.74301625350182	272.5711675142521	352.1786708609074	268.4375175628291	299.4488539652174	407.3746925529845	200.30301745497096	170.2719399299543	155.90074247595075	125.09313774931732	112.8274047290751	176.64330660651714
ENSDARG00000018491	6.195151539636921e-11	4.290142441198568e-8	0.6301885564179356	24	17334678	17341458	1	protein_coding	pdia4	protein disulfide isomerase family A, member 4 [Source:ZFIN;Acc:ZDB-GENE-030131-5493]	389	420	483	399	469	329	272	295	308	331	269	473	789	715	514	746	377	374	435	422	382	398	428.72778414681164	395.2302507915494	402.27095248065694	400.72209119831956	430.86858413340116	302.38949470158616	270.0133189838732	281.9022087644163	356.1717268108812	349.81489066995033	325.23914780953834	497.78441017081565	667.9542579549421	708.2392068539588	576.4670821652498	730.5325015493424	373.832859309525	376.8148256438042	374.67857998363854	467.1619834532027	388.28890636492514	364.2696167326105
ENSDARG00000109648	7.383683193264166e-11	4.958255138264664e-8	1.3221868744824967	25	13180468	13188678	-1	protein_coding	si:ch211-147m6.1	si:ch211-147m6.1 [Source:ZFIN;Acc:ZDB-GENE-131120-57]	97	140	185	145	120	167	106	104	192	131	77	229	385	301	342	383	77	101	90	114	52	101	106.90641404174994	131.74341693051647	154.07893625035513	145.62582261593067	110.24356097229881	153.49253986372307	105.22577872165645	99.3824735983027	222.02912840158828	138.44637666998034	93.09819472615038	240.9992176091264	325.9345872150225	298.15384792033785	383.5637005846604	375.05891165334873	76.35313041600378	101.76015344926263	77.51970620351142	126.20015666745287	52.85608149470185	92.44027962309966
ENSDARG00000010231	8.939262086090243e-11	5.8262955243458755e-8	0.5189282726342982	15	9053059	9069172	1	protein_coding	ppm1na	protein phosphatase, Mg2+/Mn2+ dependent, 1Na (putative) [Source:ZFIN;Acc:ZDB-GENE-040426-2731]	193	272	270	247	275	310	269	302	191	246	208	333	423	355	273	351	272	264	306	256	256	251	212.71070010368803	255.95863860786056	224.87196101403183	248.0660564561026	252.64149389485144	284.9262716033183	267.0352309068452	288.5914137181482	220.87272669116334	259.98327221996306	251.48603250700364	350.4486439468956	358.1047542648169	351.6432425638536	306.1780416947728	343.7223968415807	269.7149541967926	265.9869357485677	263.56700109193883	283.39684304270116	260.21455505083986	229.7278236178021
ENSDARG00000039142	1.2180319025450318e-10	7.711881988685115e-8	0.5161442938643119	2	20967673	20975677	1	protein_coding	arpc5a	actin related protein 2/3 complex, subunit 5A [Source:ZFIN;Acc:ZDB-GENE-030131-8448]	429	517	567	452	496	453	400	462	362	445	400	586	801	683	565	757	540	468	595	510	399	463	472.81290333928587	486.5096182362644	472.23111812946684	453.95084015448737	455.6733853521684	416.3600033429135	397.0784102704017	441.4875269463062	418.6174191738279	470.2949436499332	483.6269855903916	616.7054214801226	678.1132580759298	676.5417878059494	633.6651778664711	741.3044285158877	535.4635120083382	471.5222951906427	512.4913910121032	564.5796482491313	405.56877916126996	423.76088579698154
ENSDARG00000104672	2.0366618971911926e-10	1.2536785456043563e-7	0.5559209208389281	KN149880.1	4887	50623	1	protein_coding	CABZ01074397.1	NACHT, LRR and PYD domains-containing protein 3-like [Source:NCBI gene;Acc:100535428]	219	341	334	330	293	329	303	282	237	288	234	350	519	468	380	430	328	255	339	228	281	281	241.36602757879626	320.88932266647225	278.174944365506	331.4242859534974	269.17802804069623	302.38949470158616	300.7868957798293	269.47939956462847	274.06720537071055	304.37066015995674	282.9217865703791	368.33941555980016	439.3767552327186	463.5747535771366	426.1818895385116	421.08441778313306	325.24450359024985	256.91919930259377	291.9908933665597	252.40031333490575	285.62613269252347	257.1853324167426
ENSDARG00000054196	2.252510242019606e-10	1.349070999004175e-7	-1.1332730236615594	7	29163762	29176207	1	protein_coding	slc38a8b	solute carrier family 38 member 8b [Source:ZFIN;Acc:ZDB-GENE-121005-6]	45	78	80	65	60	65	43	49	48	38	42	27	30	27	32	27	42	45	57	38	41	59	49.59575909153348	73.39990371843061	66.62872918934276	65.28054117265857	55.121780486149405	59.742605336179636	42.68592910406819	46.82443467612338	55.50728210039707	40.160017659994296	50.78083348699112	28.414754914613155	25.397500302469282	26.744697321757883	35.88900122429571	26.440184372429286	41.64716204509297	45.33868222986949	49.095813928890564	42.066718889150955	41.67498733236108	53.99976730458296
ENSDARG00000090548	3.214233301614585e-10	1.8744055253626104e-7	0.7060671133158962	24	11058151	11069237	-1	protein_coding	CR753886.1	GTPase IMAP family member 4 [Source:NCBI gene;Acc:793765]	106	99	143	148	126	152	134	152	133	157	103	169	224	177	180	227	162	133	151	146	129	151	116.82556586005664	93.16141625800807	119.09885342595018	148.6387706700534	115.75573902091375	139.70578478614314	133.02126744058458	145.25130756675009	153.80142748651687	165.92428348997643	124.53394878952584	177.85531779887492	189.634668925104	175.32634910930167	201.8756318866634	222.29340194597955	160.63905360250146	134.00099414605873	130.0608404081136	161.6247620477905	131.1237406310873	138.20279428800046
ENSDARG00000104919	3.934520377750074e-10	2.2356146556651701e-7	2.585186055239178	14	11430796	11438060	1	protein_coding	si:ch211-153b23.3	si:ch211-153b23.3 [Source:ZFIN;Acc:ZDB-GENE-141216-408]	108	199	163	287	227	98	54	51	112	78	86	796	1621	1004	932	1413	308	72	59	54	79	157	119.02982181968035	187.26385692266268	135.7560357232859	288.23869717773863	208.5440695059319	90.07346650685545	53.60558538650424	48.73563609147536	129.51699156759315	82.4337204599883	103.9798019019342	837.7090708160026	1372.311599676757	994.5065226312931	1045.2671606576127	1383.7029821571325	305.4125216640151	72.54189156779118	50.818474066746376	59.77902157931978	80.30058534772012	143.69429604778855
ENSDARG00000062788	6.696632224399033e-10	3.7099342523170644e-7	2.2356200655761964	14	11427052	11430610	-1	protein_coding	irg1l	immunoresponsive gene 1, like [Source:ZFIN;Acc:ZDB-GENE-061103-301]	275	371	361	535	415	150	116	116	202	144	161	1151	2541	1634	1466	2234	604	160	149	119	161	284	303.08519444826015	349.1200548658686	300.6621404669092	537.3090696518822	381.25898169586674	137.86755077579917	115.15273897841651	110.84968209041455	233.59314550583767	152.18533007997837	194.6598617001326	1211.3104780266572	2151.1682756191485	1618.549460138977	1644.1648685880473	2187.6804402965563	598.9258541722894	161.20420348398042	128.3381802702578	131.73525125813063	163.65056001244227	259.93108329663664
ENSDARG00000079227	8.04167775311165e-10	4.3464287563159555e-7	0.9458242317154553	12	30517386	30523229	-1	protein_coding	plekhs1	pleckstrin homology domain containing, family S member 1 [Source:ZFIN;Acc:ZDB-GENE-080204-50]	234	404	341	358	383	94	100	97	130	117	124	453	801	622	643	669	107	143	147	167	102	163	257.8979472759741	380.1738602852047	284.0049581695735	359.5451344586426	351.86069876992036	86.39699848616748	99.26960256760043	92.69326864457078	150.33222235524207	123.65058068998243	149.9243655330214	476.7364435673985	678.1132580759298	616.1185827456816	721.144618350692	655.1290127835256	106.1011033053559	144.0762568638075	126.61552013240198	184.8721593286371	103.67923677806901	149.18579780757665
ENSDARG00000051888	8.841288193390943e-10	4.6411294032260845e-7	0.3184875139435644	7	56472568	56484798	1	protein_coding	ist1	IST1 factor associated with ESCRT-III [Source:ZFIN;Acc:ZDB-GENE-030131-179]	766	962	967	843	851	886	789	853	733	779	681	907	1219	1084	936	1126	848	849	940	858	846	948	844.230032535881	905.2654791939774	805.3747640761807	846.6384032084798	781.8105865618857	814.3376665823871	783.2371642583674	815.1274036476173	847.6424537414803	823.280362029883	823.3749429676417	954.5252854649679	1031.9850956236685	1073.7500702513164	1049.7532858106497	1102.653614939088	840.8760336723533	855.389804736871	809.6502647922304	949.8222317603032	859.9277873945724	867.6572780465194
ENSDARG00000077169	9.147386507494069e-10	4.6411294032260845e-7	2.035055333375341	14	11450498	11456724	-1	protein_coding	si:ch211-153b23.4	si:ch211-153b23.4 [Source:ZFIN;Acc:ZDB-GENE-030131-7332]	88	161	147	265	158	99	64	57	117	102	69	426	851	640	615	728	303	98	106	81	140	182	96.98726222344325	151.50492947009394	122.43028988541732	266.1437447808388	145.1540219468601	90.99258351202745	63.53254564326428	54.46924033753128	135.29900011971785	107.79794213998468	83.42565501434255	448.3216886527853	720.442425246712	633.9483809601869	689.7417422794332	712.9057119677229	300.45452618245645	98.73757463393801	91.3009873063579	89.66853236897967	142.30483479342806	166.57555338023897
ENSDARG00000056196	9.21523888727201e-10	4.6411294032260845e-7	-0.3523515496423615	2	25816843	25837986	1	protein_coding	slc2a2	solute carrier family 2 member 2 [Source:ZFIN;Acc:ZDB-GENE-030131-1213]	789	807	930	837	914	803	712	749	558	689	613	552	738	688	621	627	734	740	843	719	733	852	869.5789760715537	759.4066961637627	774.5589768261096	840.6125071002343	839.6884560723425	738.0509551531115	706.7995702813151	715.7449300493146	645.272154417116	728.1645307298966	741.1583554172752	580.9238782543134	624.7785074407444	681.4945095322008	696.4709300089887	613.99983709308	727.8337366928153	745.5694411134094	726.1012481062236	795.9466021394616	745.0674564541627	779.7932498899099
ENSDARG00000018283	1.000127628589131e-9	4.925072944341144e-7	0.6905868908226758	18	31073265	31075619	1	protein_coding	cyba	cytochrome b-245, alpha polypeptide [Source:ZFIN;Acc:ZDB-GENE-040426-1526]	169	219	249	252	243	160	164	150	180	176	161	271	447	323	309	414	218	195	225	214	167	229	186.25962858820353	206.08434505559362	207.38191960182934	253.0876365463071	223.2432109689051	147.0587208275191	162.80214821086471	143.34010615139812	208.152307876489	186.0042923199736	194.6598617001326	285.1999474763024	378.42275450679233	319.9458235158443	346.5531680721055	405.416160377249	216.16860299595876	196.46762299610114	193.79926550877855	236.90204848100802	169.74933864644632	209.59231716524573
ENSDARG00000105731	1.0971381519817052e-9	5.28534379302491e-7	1.0555949202659964	4	72463842	72476526	-1	protein_coding	CR788316.1	verrucotoxin subunit beta-like [Source:NCBI gene;Acc:103908715]	1119	1740	1777	1646	1312	847	723	627	903	919	912	2614	3652	2700	2308	3961	1578	1230	1257	1001	935	1575	1233.2812094094659	1637.3824675649903	1479.990647118276	1653.1041656953234	1205.3295999638003	778.4921033806793	717.7192265637511	599.1616437128441	1044.2307445137199	971.238321829862	1102.6695271460928	2750.969235066622	3091.7223701539274	2674.469732175788	2588.4942133023283	3878.8729740441627	1564.7433739799217	1239.2573142830995	1082.6918966423762	1108.125937053687	950.393003798966	1441.5192119443757
ENSDARG00000004954	1.175996150749019e-9	5.544696744808141e-7	0.9789511160977639	3	29914427	29941357	-1	protein_coding	grna	granulin a [Source:ZFIN;Acc:ZDB-GENE-030131-8434]	106	160	208	154	141	161	122	112	208	115	110	225	348	258	290	326	124	132	125	111	95	141	116.82556586005664	150.56390506344738	173.23469589229117	154.6646667782988	129.5361841424511	147.9778378326911	121.10891513247253	107.0272792597106	240.5315557683873	121.53689554998273	132.9974210373577	236.78962428844295	294.6110035086437	255.56044107457532	325.2440735951799	319.24074464488695	122.95828794265545	132.99346787428385	107.66625861598808	122.87909991304622	96.56399503839761	129.0502913550203
ENSDARG00000025903	1.5775520308570397e-9	7.283031875790001e-7	0.8119704015008962	15	31032255	31043183	-1	protein_coding	lgals9l1	lectin, galactoside-binding, soluble, 9 (galectin 9)-like 1 [Source:ZFIN;Acc:ZDB-GENE-030131-9543]	121	133	188	132	145	145	118	125	164	135	121	171	272	265	220	283	118	111	150	114	77	118	133.35748555723447	125.15624608399064	156.5775135949555	132.56971438139897	133.21096950819438	133.2719657499392	117.13813102976852	119.45008845949843	189.64988050968998	142.67374694997974	146.29716314109345	179.96011445921664	230.27066940905485	262.49425149132736	246.73688341703303	277.13230286657364	117.00869336478502	111.83541616701142	129.1995103391857	126.20015666745287	78.26765913638543	107.99953460916592
ENSDARG00000025094	1.715102252414678e-9	7.756462431328422e-7	0.4095956741047055	6	42932757	42949184	-1	protein_coding	edem1	ER degradation enhancer, mannosidase alpha-like 1 [Source:ZFIN;Acc:ZDB-GENE-040426-808]	433	472	579	574	510	508	468	493	428	482	432	552	770	674	567	727	530	474	612	455	478	526	477.2214152585333	444.1635199371698	482.22542750786823	576.4773943554773	468.53513413226995	466.9114386273732	464.58174001637	471.1111488842618	494.9399320618739	509.39811873992767	522.3171444376229	580.9238782543134	651.869174430045	667.6268886986968	635.9082404429897	711.9264458798552	525.5475210452208	477.56745282129197	527.1340021838777	503.6936077516759	485.8693645089901	481.4216542747566
ENSDARG00000100504	1.8028327994934773e-9	7.990154967355091e-7	-0.6578904479399432	6	18196961	18199062	-1	protein_coding	ppp1r27b	protein phosphatase 1, regulatory subunit 27b [Source:ZFIN;Acc:ZDB-GENE-051023-5]	294	374	444	448	344	379	295	300	320	281	267	196	255	252	205	252	232	173	273	221	201	291	324.0256260646854	351.94312808580827	369.7894470008523	449.9335760823237	316.03154145392324	348.3453449601859	292.8453275744213	286.68021230279624	370.04854733598046	296.97276216995783	322.8210128815864	206.27007271348808	215.87875257098892	249.61717500307358	229.9139140931444	246.77505414267333	230.05099034432308	174.3020450170538	235.14310881731797	244.65118090795687	204.30908423913598	266.33783534972275
ENSDARG00000105829	2.526968968186145e-9	1.0979927908824504e-6	1.1354491512798703	4	72500840	72513569	-1	protein_coding	CR788316.4	neoverrucotoxin subunit beta-like [Source:NCBI gene;Acc:100004951]	383	650	683	658	496	400	311	243	395	417	384	1009	1564	1021	986	1502	754	583	578	393	417	659	422.1150162679405	611.665864320255	568.8427754540138	660.839939870913	455.6733853521684	367.6468020687978	308.72846398523734	232.21097196526495	456.77867561785087	440.7033516899374	464.28190616677597	1061.8699151423953	1324.0563491020653	1011.3457765005481	1105.8298502236116	1470.8576639773623	747.66571861905	587.3878164447536	497.8487798403289	435.05843482727175	423.86511506328213	603.1499432833928
ENSDARG00000104077	2.9681777614918657e-9	1.264900369128072e-6	0.7340789767926296	2	58077662	58085444	-1	protein_coding	fcer1gl	Fc receptor, IgE, high affinity I, gamma polypeptide like [Source:ZFIN;Acc:ZDB-GENE-070502-4]	96	121	178	97	116	129	104	109	114	111	85	155	215	202	162	233	88	104	95	98	81	119	105.80428606193809	113.86395320423209	148.24892244628765	97.41865374996742	106.56877560655552	118.56609366718727	103.24038667030445	104.16047713668263	131.82979498844304	117.30952526998334	102.77073443795821	163.1217411764829	182.0154188343632	200.089957740559	181.68806869799704	228.16899847318604	87.26072047543289	104.78273226458727	81.82635654815094	108.48785397728405	82.3335115590548	108.91478490246394
ENSDARG00000037654	3.0916094892142337e-9	1.2926427600186305e-6	0.8372779400348099	1	9860381	9866856	1	protein_coding	pmm2	phosphomannomutase 2 [Source:ZFIN;Acc:ZDB-GENE-030722-6]	68	85	88	70	90	78	61	64	49	65	63	113	165	133	132	146	105	75	71	104	82	72	74.94470262720614	79.98707456495643	73.29160210827703	70.30212126286308	82.6826707292241	71.69112640341557	60.554457566236266	61.1584452912632	56.66368381082201	68.69476704999025	76.17125023048668	118.9210113093069	139.68625166358106	131.74239791828884	148.0421300502198	142.9728488286917	104.11790511273243	75.56447038311582	61.15443489388123	115.12996748609736	83.34997466472215	65.89802111745718
ENSDARG00000045561	3.5765497980444126e-9	1.467710065271559e-6	1.1573172770225908	4	17662413	17669881	-1	protein_coding	dram1	DNA-damage regulated autophagy modulator 1 [Source:ZFIN;Acc:ZDB-GENE-041010-147]	26	41	46	51	38	43	24	22	46	36	34	79	96	78	91	87	42	27	32	31	21	36	28.655327475108233	38.58200067250839	38.31151928387209	51.220116920085964	34.91046097456129	39.52203122239576	23.824704616224103	21.023215568871723	53.194478679547196	38.04633251999459	41.108293775183284	83.13946808349775	81.2720009679017	77.26245892952278	102.05934723159093	85.19614964449437	41.64716204509297	27.203209337921695	27.56256220569295	34.317586462202094	21.34572521901421	32.94901055872859
ENSDARG00000103650	3.942339595219913e-9	1.5884044623649687e-6	0.9144506391141813	12	44119432	44307963	-1	protein_coding	si:ch73-329n5.1	si:ch73-329n5.1 [Source:ZFIN;Acc:ZDB-GENE-131121-475]	82	154	164	108	97	81	83	96	92	111	85	168	264	244	194	221	139	87	94	110	86	126	90.37449434457211	144.91775862356812	136.58889483815267	108.46612994841733	89.11354511927487	74.44847741893155	82.39377013110835	91.7376679368948	106.38895735909439	117.30952526998334	102.77073443795821	176.8029194687041	223.49800266172969	241.69282024107125	217.57706992229276	216.41780541877304	137.8322743873315	87.65478564441435	80.96502647922304	121.77208099491067	87.41582708739152	115.32153695555006
ENSDARG00000026759	5.042386481027594e-9	1.995344364635205e-6	0.4631871900683506	6	102506	109626	1	protein_coding	ldlrb	low density lipoprotein receptor b [Source:ZFIN;Acc:ZDB-GENE-040426-1254]	339	362	462	378	413	375	400	381	286	425	299	513	665	477	424	519	564	504	581	438	526	490	373.6213851562189	340.6508352060497	384.78091106845443	379.63145481946066	379.42158901299507	344.6688769394979	397.0784102704017	364.0838696245512	330.7308891815325	449.1580922499362	361.5111717288177	539.88034337765	562.9779233714024	472.4896526843893	475.5292662219182	508.23909960336294	559.2618903198199	507.7932409745383	500.4327700471126	484.87428614337153	534.6595935810226	448.472643716028
ENSDARG00000056587	5.885768757414305e-9	2.268759553098663e-6	-0.9300173995149513	7	27455321	27697234	1	protein_coding	cyp2r1	cytochrome P450, family 2, subfamily R, polypeptide 1 [Source:ZFIN;Acc:ZDB-GENE-110114-1]	163	219	203	155	185	158	112	119	121	133	121	86	108	89	83	101	116	157	93	167	140	108	179.64686070933237	206.08434505559362	169.07040031795725	155.6689827963397	169.95882316562734	145.22048681717513	111.18195487571249	113.7164842134425	139.92460696141762	140.56006180998003	146.29716314109345	90.50625639469375	91.43100108888942	88.15844672727599	93.087096925517	98.90587487464288	115.02549517216154	158.1816246686558	80.10369641029513	184.8721593286371	142.30483479342806	98.84703167618576
ENSDARG00000033144	5.938089083019967e-9	2.268759553098663e-6	0.874467807459553	12	13319132	13331980	1	protein_coding	psme2	proteasome activator subunit 2 [Source:ZFIN;Acc:ZDB-GENE-991110-16]	115	185	165	219	140	118	104	97	127	119	123	252	293	301	312	288	162	101	141	112	129	152	126.74471767836334	174.08951522961104	137.42175395301945	219.94520795095735	128.61748780101527	108.45580661029534	103.24038667030445	92.69326864457078	146.86301722396726	125.76426582998214	148.71529806904542	265.20437920305613	248.04891962078332	298.15384792033785	349.9177619368832	282.02863330591236	160.63905360250146	101.76015344926263	121.44753971883456	123.98611883118177	131.1237406310873	139.11804458129848
ENSDARG00000092714	6.9954786042627325e-9	2.627454336787494e-6	1.32449675446419	4	13499264	13502549	-1	protein_coding	si:ch211-266a5.12	si:ch211-266a5.12 [Source:ZFIN;Acc:ZDB-GENE-081104-210]	21	21	27	29	23	13	4	19	9	13	6	45	63	66	51	67	20	9	15	10	9	22	23.14468757604896	19.76151253957747	22.487196101403182	29.125164523186136	21.130015853023938	11.948521067235928	3.9707841027040174	18.15641344584376	10.40761539382445	13.738953409998048	7.2544047838558745	47.357924857688594	53.33475063518549	65.37592678651927	57.19809570122129	65.61082788713934	19.83198192623475	9.067736445973898	12.91995103391857	11.070189181355515	9.148167951006089	20.13550645255636
ENSDARG00000103846	8.14736756953081e-9	3.0090944223467126e-6	0.44368351644730364	5	2713779	2721686	-1	protein_coding	hspa5	heat shock protein 5 [Source:NCBI gene;Acc:378848]	1450	1871	1887	1531	1777	1354	1296	1330	1161	1256	970	1708	2844	2393	1973	2273	1517	1756	1555	1569	1432	1656	1598.0855707271899	1760.656664835688	1571.6051497536223	1537.6078236206197	1632.5233987314582	1244.4844250028805	1286.5340492761015	1270.9489412090634	1342.582385803354	1327.3942679198115	1172.7954400566996	1797.4963479318249	2407.6830286740883	2370.372618183949	2212.7812317354824	2225.8718177233986	1504.2558291049056	1769.216133236685	1339.3682571828917	1736.9126825546803	1455.5751673156356	1515.6544857015151
ENSDARG00000101567	9.315694632744605e-9	3.3841933288790238e-6	0.6664095816764496	22	1092479	1109547	1	protein_coding	guca1e	guanylate cyclase activator 1e [Source:ZFIN;Acc:ZDB-GENE-040426-1577]	153	200	211	180	219	197	219	234	160	202	220	321	365	254	243	287	221	226	336	171	243	210	168.62558091121383	188.20488132930925	175.73327323689153	180.7768832473622	201.19449877444532	181.0660500188829	217.40042962304494	223.61056559618106	185.02427366799023	213.48219913996968	265.9948420747154	337.8198639848453	309.00292034670963	251.59826369357415	272.5321030469956	281.0493672180446	219.14340028489397	227.70093742112235	289.406903159776	189.30023500117932	247.0005346771644	192.20256159258344
ENSDARG00000014386	9.966540683021587e-9	3.5622345408993287e-6	0.5455475993721216	23	26763338	26784771	-1	protein_coding	galnt6	UDP-N-acetyl-alpha-D-galactosamine:polypeptide N-acetylgalactosaminyltransferase 6 (GalNAc-T6) [Source:ZFIN;Acc:ZDB-GENE-040426-2272]	267	313	349	407	340	284	289	306	226	296	255	391	550	518	423	479	384	299	419	321	282	373	294.2681706097653	294.54063928036896	290.6678310885078	408.7566193426468	312.35675608817996	261.02922946884644	286.88915142036524	292.41381654885214	261.3467865560362	312.82540071995555	308.31220331387465	411.4877470968053	465.62083887860354	513.1019708396512	474.40773493365896	469.06845608865285	380.7740529837072	301.2503552606884	360.89729888079205	355.35307272151204	286.6425957981908	341.3883594001601
ENSDARG00000033587	1.055213629729737e-8	3.7116720690176147e-6	1.5416618187008722	20	2039518	2054547	1	protein_coding	CABZ01088134.1	enoyl-[acyl-carrier-protein] reductase, mitochondrial-like [Source:NCBI gene;Acc:101884755]	23	24	21	24	18	30	19	29	42	33	26	48	46	82	71	59	16	19	12	7	7	23	25.348943535672667	22.584585759517108	17.490041412202476	24.10358443298163	16.536534145844822	27.573510155159834	18.861224487844083	27.712420522603637	48.56887183784744	34.875804809995046	31.435754063375455	50.51511984820117	38.94283379711957	81.22463631052393	79.62872146640612	57.77669918419733	15.865585540987798	19.142999163722674	10.335960827134857	7.749132426948861	7.1152417396714025	21.050756745854375
ENSDARG00000037488	1.1467788043948355e-8	3.970721610217118e-6	0.25724261281417116	14	16432738	16476863	-1	protein_coding	canx	calnexin [Source:ZFIN;Acc:ZDB-GENE-040426-2797]	2947	3389	3703	3242	3282	3042	2797	2883	2534	2783	2530	3394	4913	3831	3250	3768	3318	3193	3399	2862	3153	3485	3247.971156505537	3189.131714125145	3084.077302351703	3255.992530488602	3015.1613925923725	2795.953929733207	2776.570783815784	2754.996840229872	2930.3219342167954	2941.192872309582	3058.9406838592267	3571.8399325998907	4159.263966201053	3794.7753866538683	3644.9766868425336	3689.874619085687	3290.125801562345	3217.0313857771844	2927.660904285948	3168.288143703948	3204.908172169133	3189.647272143587
ENSDARG00000058206	1.2969283705949112e-8	4.4215281065204975e-6	1.3909232252453019	14	11457500	11461002	1	protein_coding	si:ch211-153b23.5	si:ch211-153b23.5 [Source:ZFIN;Acc:ZDB-GENE-030131-9744]	649	709	754	1107	762	477	507	453	501	533	474	1476	2521	1925	1570	2723	1397	461	627	649	729	1114	715.281058897894	667.1863043124013	627.9757726095555	1111.7778319712777	700.0466121740974	438.41881146704134	503.2968850177342	432.8871205772223	579.3572569228944	563.29708980992	573.097977924614	1553.3399353321859	2134.2366087508353	1906.797864606812	1760.8041225670083	2666.5415572638867	1385.263937547497	464.4696112882186	540.0539532177962	718.455277869973	741.0016040314932	1019.5888267339902
ENSDARG00000071014	1.5457517860963096e-8	5.189978724226397e-6	0.4585759211196172	19	7575141	7591062	1	protein_coding	s100u	S100 calcium binding protein U [Source:ZFIN;Acc:ZDB-GENE-030131-3121]	586	695	882	778	727	626	539	557	507	562	527	780	1270	997	829	992	658	620	756	674	526	730	645.8469961697471	654.0119626193496	734.5817393125039	781.3578620358211	667.8922402238436	575.3672452376685	535.0631578393663	532.269594175525	586.295667185444	593.9455243399157	637.1785535153409	820.870697533269	1075.1608461378664	987.5727122145411	929.7494379669108	971.4319591648093	652.4722053731232	624.6662885004241	651.1655321094959	746.1307508233617	534.6595935810226	668.1327141075519
ENSDARG00000026925	1.5817859241664123e-8	5.231697922317567e-6	1.6251118465106371	5	43782267	43796971	1	protein_coding	nos2a	nitric oxide synthase 2a, inducible [Source:ZFIN;Acc:ZDB-GENE-040305-1]	16	33	12	34	31	14	12	7	9	8	6	45	98	93	46	100	6	12	14	12	9	6	17.63404767698968	31.053805419336022	9.994309378401415	34.14674461339064	28.479586584510525	12.867638072407923	11.912352308112052	6.689204953731912	10.40761539382445	8.454740559998799	7.2544047838558745	47.357924857688594	82.965167654733	92.12062410827716	51.59043925992509	97.92660878677513	5.949594577870425	12.090315261298532	12.058620964990665	13.284227017626618	9.148167951006089	5.491501759788098
ENSDARG00000026049	1.8613769693979086e-8	6.0658990649790666e-6	2.0741232424353524	15	5086338	5106171	1	protein_coding	mxf	myxovirus (influenza virus) resistance F [Source:ZFIN;Acc:ZDB-GENE-030721-9]	16	23	48	76	27	44	26	49	73	55	29	107	168	142	182	164	21	30	28	8	22	32	17.63404767698968	21.643561352870563	39.97723751360566	76.32801737110849	24.80480121876723	40.44114822756775	25.81009666757611	46.82443467612338	84.41732486102055	58.12634134999174	35.06295645530339	112.60662132828176	142.22600169382798	140.65729702554145	204.11869446318187	160.5996384103112	20.823581022546485	30.225788153246327	24.11724192998133	8.856151345084411	22.36218832468155	29.288009385536522
ENSDARG00000012297	2.6955246082072018e-8	8.656931205488636e-6	1.0733923593727586	1	10771457	10776547	1	protein_coding	cnga3b	cyclic nucleotide gated channel subunit alpha 3b [Source:ZFIN;Acc:ZDB-GENE-090312-121]	23	69	47	45	59	84	59	98	48	73	70	104	113	97	70	106	66	72	66	65	85	49	25.348943535672667	64.93068405861169	39.14437839873887	45.19422081184055	54.20308414471358	77.20582843444753	58.56906551488426	93.64886935224676	55.50728210039707	77.14950760998904	84.63472247831854	109.4494263377692	95.66391780596763	96.08280148927832	78.50719017814687	103.80220531398163	65.44554035657467	72.54189156779118	56.84778454924171	71.95622967881084	86.39936398172418	44.8472643716028
ENSDARG00000002401	2.7415843384574212e-8	8.679072705745207e-6	0.7899868880540646	17	24877392	24890932	-1	protein_coding	gale	UDP-galactose-4-epimerase [Source:ZFIN;Acc:ZDB-GENE-060421-6479]	129	159	144	157	137	98	94	98	102	105	121	193	265	227	216	312	103	131	133	159	111	143	142.1745093957293	149.62288065680085	119.93171254081697	157.67761483242148	125.8613987767078	90.07346650685545	93.3134264135444	93.64886935224676	117.95297446334378	110.96846984998423	146.29716314109345	203.11287772297553	224.34458600514535	224.85356637181627	242.25075826399606	305.5310194147384	102.13470692010895	131.98594160250897	114.55689916741132	176.0160079835527	112.8274047290751	130.88079194161634
ENSDARG00000021443	2.8149000238473364e-8	8.78565979274042e-6	-0.2700915036155431	20	9575374	9580446	-1	protein_coding	zfp36l1b	zinc finger protein 36, C3H type-like 1b [Source:ZFIN;Acc:ZDB-GENE-030131-2391]	1593	2143	2403	1824	2224	1934	1541	1763	1459	1547	1348	1444	1878	1627	1484	1658	1476	1562	1654	1364	1487	1634	1755.6898718402852	2016.6153034435486	2001.360453024883	1831.8724169066038	2043.1806633532713	1777.5722880026372	1529.7445755667227	1684.7240476327659	1687.190095509986	1634.9354557897677	1629.8229414396196	1519.6631887667183	1589.883518934577	1611.615649722225	1664.3524317767137	1623.6231736847317	1463.6002661561245	1573.7560365123588	1424.6399340067544	1509.9738043368923	1511.4806381273395	1495.5189792489587
ENSDARG00000021004	2.8836811607257476e-8	8.875329794678134e-6	0.3347103458972608	5	63458263	63509581	-1	protein_coding	c5	complement component 5 [Source:ZFIN;Acc:ZDB-GENE-120510-2]	757	882	1013	878	967	945	835	855	871	867	744	1004	1267	979	1053	1142	891	821	898	792	850	959	834.3108807175743	829.9835266622538	843.6862833600527	881.7894638399113	888.3793621684413	868.5655698875347	828.9011814394636	817.0386050629693	1007.2258897801219	916.2825081898699	899.5461931981284	1056.607923491541	1072.6210961076195	969.7429140000359	1180.972446536981	1118.321872344972	883.514794813758	827.1790691271746	773.4744018972584	876.7589831633568	863.9936398172417	877.7250312727977
ENSDARG00000070651	3.024685393635028e-8	9.176661070171482e-6	0.49234523428261484	11	18343890	18384534	-1	protein_coding	prkcdb	protein kinase C, delta b [Source:ZFIN;Acc:ZDB-GENE-111129-1]	743	848	1158	1018	838	881	807	802	772	940	706	1002	1636	1195	1071	1354	999	788	1096	779	849	944	818.8810890002084	797.9886968362712	964.4508550157365	1022.3937063656374	769.86753412322	809.7420815565271	801.1056927205356	766.3917675561419	892.7421204480529	993.4320157998588	853.6016295670412	1054.5031268311993	1385.0103498279916	1183.700492574099	1201.1600097256471	1325.9262829729353	990.6074972154257	793.9307021586036	944.0177555449835	862.3677372275946	862.9771767115744	863.9962768733274
ENSDARG00000032465	3.064408480111415e-8	9.176661070171482e-6	0.4815335439821632	2	37110504	37122351	1	protein_coding	slc1a8b	solute carrier family 1 member 8b [Source:ZFIN;Acc:ZDB-GENE-070912-552]	169	213	192	190	246	214	211	237	166	185	169	250	325	263	240	281	201	202	198	170	164	187	186.25962858820353	200.43819861571433	159.90895005442263	190.82004342777122	225.99929999321256	196.6910391068068	209.4588614176369	226.477367719209	191.96268393053987	195.5158754499722	204.33240141194045	263.0995825427144	275.1395866100839	260.51316280082676	269.1675091822178	275.1737706908381	199.3114183586592	203.52030689852526	170.54335364772513	188.19321608304375	166.6999493294443	171.15180484672905
ENSDARG00000099195	3.408570989687102e-8	1.007119108419549e-5	-0.4625354899741714	3	33761549	33762726	1	protein_coding	ier2a	immediate early response 2a [Source:NCBI gene;Acc:797137]	447	685	605	550	652	333	294	343	305	306	278	366	448	400	393	437	330	313	328	313	257	308	492.65120697589924	644.6017185528841	503.87976449440464	552.3738099224956	598.9900146161568	306.06596272227415	291.85263154874525	327.7710427328637	352.7025216796064	323.39382641995405	336.12075498532215	385.17778884253386	379.269337850208	396.2177381001168	440.7617962858817	427.9392803982073	327.22770178287334	315.35572306553667	282.51626260835275	346.4969213764276	261.2310181565072	281.897090335789
ENSDARG00000107486	3.905942132812483e-8	1.1388904955674292e-5	1.9047758102007346	1	8001435	8012476	-1	protein_coding	CR855320.3	si:dkey-79f11.10 [Source:NCBI gene;Acc:100007523]	11	18	14	10	8	8	16	14	32	20	13	46	43	60	34	36	33	13	11	13	16	13	12.123407777930407	16.93843931963783	11.660027608134984	10.043160180409012	7.349570731486587	7.352936041375956	15.88313641081607	13.378409907463825	37.004854733598044	21.136851399997	15.717877031687728	48.41032318785945	36.40308376687264	59.43266071501752	38.132063800814194	35.253579163239046	32.722770178287334	13.097841533073408	9.4746307582069509	14.39124593576217	16.26340969067749	11.898253812874213
ENSDARG00000020573	4.985247420109297e-8	1.4347153614236626e-5	0.16370531019085893	9	33334501	33354738	1	protein_coding	ddx3xa	DEAD-box helicase 3 X-linked a [Source:ZFIN;Acc:ZDB-GENE-030131-1565]	1966	2369	2659	2128	2444	2596	2553	2611	2039	2275	1951	2386	2868	2496	2163	2536	2534	2498	2882	2231	2458	2714	2166.783608310107	2229.286819345668	2214.57238643078	2137.184486391038	2245.2938584691524	2386.0277454264974	2534.352953550839	2495.0734477420033	2357.9030875564504	2404.3168467496585	2358.890622217135	2511.0224157876664	2428.0010289160637	2472.398685744729	2425.8721765047385	2483.418798832617	2512.7121100539425	2516.800626893644	2482.353258650221	2469.759206360415	2498.4663137303296	2483.9892960108164
ENSDARG00000052170	5.383670972238898e-8	1.5295147274976152e-5	0.5220315319886671	6	35033457	35052388	-1	protein_coding	uap1	UDP-N-acetylglucosamine pyrophosphorylase 1 [Source:ZFIN;Acc:ZDB-GENE-030131-1233]	228	373	408	343	323	227	239	236	226	255	192	356	560	498	405	490	333	269	328	287	255	317	251.28517939710295	351.00210367916173	339.80651886564806	344.4803941880291	296.73891828377094	208.63956017404274	237.25435013656505	225.52176701153303	261.3467865560362	269.4948553499617	232.14095308338798	374.6538055408253	474.08667231275996	493.29108393464537	454.2201717449926	479.8403830551981	330.2024990718086	271.02456710744207	282.51626260835275	317.7144295049033	259.1980919451725	290.13434297547116
ENSDARG00000056874	6.130692556537702e-8	1.7196980639604492e-5	0.9321884866564981	14	20893065	20898499	1	protein_coding	lygl1	lysozyme g-like 1 [Source:ZFIN;Acc:ZDB-GENE-040718-461]	166	226	263	243	165	179	175	163	228	163	120	268	434	398	440	400	220	136	157	133	102	183	182.95324464876794	212.67151590211944	219.04194720996432	244.048792383939	151.58489633691087	164.521943925787	173.72180449330077	155.76291535118594	263.6595899768861	172.26533890997553	145.08809567711748	282.04275248578983	367.417171042389	394.2366494096162	493.47376683406605	391.70643514710054	218.15180118858223	137.02357296138337	135.22882082168104	147.23351611202835	103.67923677806901	167.490803673537
ENSDARG00000017874	6.603503878689814e-8	1.8291705743970783e-5	0.44929027561690954	7	20779026	20796935	-1	protein_coding	dnajc3b	DnaJ (Hsp40) homolog, subfamily C, member 3b [Source:ZFIN;Acc:ZDB-GENE-000831-4]	225	277	261	277	269	227	224	215	187	228	208	273	433	330	313	379	240	225	280	228	229	242	247.9787954576674	260.6637606410933	217.37622898023076	278.1955369973296	247.1293158462365	208.63956017404274	222.36390975142498	205.4541521503373	216.2471198494636	240.96010595996577	251.48603250700364	287.3047441366441	366.5705876989733	326.87963393259633	351.03929322514244	371.14184730187776	237.983783114817	226.69341114934747	241.1724192998133	252.40031333490575	232.7700511978216	221.49057097811996
ENSDARG00000068152	8.806221765835988e-8	2.4092083250731544e-5	0.7713796100552774	18	26649860	26715655	-1	protein_coding	malt3	MALT paracaspase 3 [Source:ZFIN;Acc:ZDB-GENE-050419-182]	58	81	78	76	64	63	50	48	36	45	49	84	172	108	114	112	61	65	66	60	50	54	63.9234228290876	76.22297693837024	64.96301095960919	76.32801737110849	58.796565851892694	57.90437132583565	49.634801283800215	45.8688339684474	41.6304615752978	47.55791564999325	59.24430573482297	88.40145973435204	145.61233506749056	106.97878928703153	127.85456686155348	109.67780184118814	60.487544875015985	65.48920766536705	56.84778454924171	66.42113508813308	50.823155283367164	49.42351583809288
ENSDARG00000090730	9.766026593307691e-8	2.6392091378987612e-5	1.0501287357440576	21	27448856	27461206	1	protein_coding	cfbl	complement factor b, like [Source:ZFIN;Acc:ZDB-GENE-030131-2319]	50	68	107	111	88	96	83	80	127	76	63	103	189	167	193	185	95	98	89	85	61	93	55.10639899059276	63.98965965196514	89.11592529074595	111.47907800254004	80.84527804635246	88.23523249651147	82.39377013110835	76.448056614079	146.86301722396726	80.32003531998859	76.17125023048668	108.39702800759834	160.0042519055565	165.42090565679877	216.45553863403353	181.16422625553398	94.20191414961505	98.73757463393801	76.65837613458352	94.09660804152188	62.00424944570794	85.11827727671552
ENSDARG00000101040	1.2037792179809758e-7	3.2139454783684844e-5	1.2868595531929377	2	45191049	45193014	1	protein_coding	ccl20a.3	chemokine (C-C motif) ligand 20a, duplicate 3 [Source:ZFIN;Acc:ZDB-GENE-081022-193]	26	36	26	16	39	6	0	4	8	8	12	62	62	78	58	74	11	13	19	12	7	13	28.655327475108233	33.87687863927566	21.654336986536396	16.06905628865442	35.829157315997115	5.514702031031967	0	3.82240283070395	9.251213683399511	8.454740559998799	14.508809567711749	65.24869647059317	52.488167291769855	77.26245892952278	65.04881471903597	72.46569050221359	10.907590059429111	13.097841533073408	16.365271309630188	13.284227017626618	7.1152417396714025	11.898253812874213
ENSDARG00000067672	1.2325079030774706e-7	3.251473230023422e-5	1.163758403492191	5	51156808	51166025	-1	protein_coding	card9	caspase recruitment domain family, member 9 [Source:ZFIN;Acc:ZDB-GENE-060531-94]	42	54	59	54	28	47	48	52	68	28	33	76	91	116	112	112	33	38	50	46	25	36	46.28937515209792	50.8153179589135	49.138687777140284	54.233064974208666	25.723497560203054	43.19849924308374	47.64940923244821	49.69123679915135	78.63531630889585	29.591591959995796	39.89922631120731	79.98227309298518	77.03908425082349	114.90314404903387	125.611504285035	109.67780184118814	32.722770178287334	38.28599832744535	43.06650344639523	50.92287023423537	25.411577641683582	32.94901055872859
ENSDARG00000015709	1.275530677470455e-7	3.325383507381798e-5	0.5017529826707825	25	30196039	30230559	1	protein_coding	hsd17b12a	hydroxysteroid (17-beta) dehydrogenase 12a [Source:NCBI gene;Acc:327417]	538	574	780	509	635	544	639	650	511	608	439	678	926	859	731	927	709	694	928	827	639	715	592.9448531387781	540.1480094151175	649.6301095960919	511.1968531828187	583.3721768117479	499.999650813565	634.3327604069668	621.1404599893918	590.9212740271438	642.5602825599087	530.7806166854548	713.5260678558415	783.9361760028852	850.8775925700008	819.8393717175052	907.7796634534054	703.0437592850218	699.2232326117651	799.3143039650955	915.5046452981011	649.5199245214324	654.4039597080816
ENSDARG00000105142	1.3441922907122967e-7	3.463639670021453e-5	0.4688858534266955	14	16777308	16810489	-1	protein_coding	tcirg1b	T cell immune regulator 1, ATPase H+ transporting V0 subunit a3b [Source:ZFIN;Acc:ZDB-GENE-040426-2022]	229	334	362	335	314	308	277	270	285	313	242	328	489	422	384	470	279	276	284	262	284	272	252.38730737691483	314.3021518199464	301.49499958177597	336.4458660437019	288.47065121084853	283.0880375929743	274.9767991122532	258.0121910725166	329.5744874711076	330.791724409953	292.5943262821869	345.1866522960413	413.97925493024934	418.0097136956232	430.66801469154854	460.2550612978431	276.65614787097473	278.0772510098662	244.61773957552492	290.0389565515145	288.6755220095255	248.94807977706043
ENSDARG00000074322	1.816086043375512e-7	4.616252024626861e-5	1.390437875262241	25	13191391	13194926	1	protein_coding	si:ch211-194m7.3	si:ch211-194m7.3 [Source:ZFIN;Acc:ZDB-GENE-131121-19]	114	128	190	173	110	151	68	139	194	140	67	289	456	301	365	391	93	116	95	118	53	88	125.64258969855148	120.45112405075791	158.24323182468905	173.7466711210759	101.05659755794058	138.78666778097116	67.5033297459683	132.82849836696226	224.34193182243817	147.957959799979	81.0075200863906	304.14311741937786	386.0420045975331	298.15384792033785	409.35892021462297	382.8930403562907	92.21871595699157	116.8730475258858	81.82635654815094	130.62823233999507	53.872544600369196	80.54202581022544
ENSDARG00000099695	1.8331686740395477e-7	4.616252024626861e-5	0.6859324867445531	3	13911950	13921173	-1	protein_coding	si:dkey-61n16.5	si:dkey-61n16.5 [Source:ZFIN;Acc:ZDB-GENE-100922-235]	489	1102	953	797	1006	1055	748	959	604	743	607	1325	1549	1410	1001	1394	650	868	748	712	729	630	538.9405821279971	1037.008896124494	793.7147364680457	800.4398663785983	924.2085194844383	969.6684404564542	742.5366272056513	916.421078661272	698.4666330966631	785.2340295098885	733.9039506334193	1394.4277874763864	1311.3575989508306	1396.6675268029117	1122.6528195475003	1365.0969264876453	644.5394126026293	874.5328039005938	644.2748915580727	788.1974697125127	741.0016040314932	576.6076847777503
ENSDARG00000071437	1.940816344872636e-7	4.832414629480631e-5	0.6005111924015113	22	22977268	23067859	-1	protein_coding	ptprc	protein tyrosine phosphatase receptor type C [Source:ZFIN;Acc:ZDB-GENE-050208-585]	127	178	214	164	186	179	147	151	180	174	120	187	270	299	246	257	162	156	174	159	132	157	139.9702534361056	167.50234438308522	178.2318505814919	164.70782695870778	170.87751950706314	164.521943925787	145.92631577437263	144.2957068590741	208.152307876489	183.89060717997387	145.08809567711748	196.79848774195037	228.57750272222356	296.1727592298373	275.8966969117733	251.67138458201208	160.63905360250146	157.1740983968809	149.87143199345542	176.0160079835527	134.1731299480893	143.69429604778855
ENSDARG00000086337	2.666096039842429e-7	6.494079146695096e-5	1.341662771540816	21	4702773	4707754	1	protein_coding	si:dkey-102g19.3	si:dkey-102g19.3 [Source:ZFIN;Acc:ZDB-GENE-091204-230]	28	27	48	40	28	37	44	36	75	46	24	51	95	87	83	100	47	31	21	24	21	31	30.85958343473194	25.40765897945675	39.97723751360566	40.17264072163605	25.723497560203054	34.007329191363795	43.67862512974419	34.401625476335546	86.73012828187042	48.61475821999309	29.017619135423498	53.67231483871374	80.42541762448606	86.1773580367754	93.087096925517	97.92660878677513	46.60515752665166	31.233314425021206	18.087931447486	26.568454035253236	21.34572521901421	28.372759092238507
ENSDARG00000009484	2.666792429373889e-7	6.494079146695096e-5	0.2236880908660348	2	3062737	3077027	-1	protein_coding	arf1	ADP-ribosylation factor 1 [Source:ZFIN;Acc:ZDB-GENE-010724-5]	972	1054	1286	1089	1136	1130	1101	1110	921	1009	942	1145	1522	1214	1140	1203	1206	1131	1375	1063	1111	1191	1071.268396377123	991.8397246054597	1071.056821718685	1093.7001436465414	1043.6390438710953	1038.6022158443536	1092.9583242692809	1060.716785520346	1065.0459753013688	1066.3541531298486	1138.9415510653723	1204.996088045632	1288.4998486786083	1202.5208351338545	1278.5456686155349	1178.0571037049049	1195.8685101519554	1139.5122133773866	1184.328844775869	1176.7611099780913	1129.2905103964183	1090.0630993179375
ENSDARG00000098853	3.188022280261055e-7	7.565391832578788e-5	0.44191795657152855	14	45434680	45464112	-1	protein_coding	ehd1a	EH-domain containing 1a [Source:ZFIN;Acc:ZDB-GENE-040426-2518]	585	583	801	692	737	621	652	551	602	655	512	708	1142	845	852	904	774	636	811	635	607	784	644.7448681899352	548.6172290749364	667.1201510082944	694.9866844843036	677.0792036382019	570.7716602118086	647.2378087407549	526.5359899294691	696.1538296758133	692.2318833499016	619.0425415557013	745.0980177609672	966.7981781806641	837.0099717364967	955.5446575968733	885.2565434324472	767.4977005452847	640.7867088488222	698.5386859005307	702.9570130160752	616.9931051400773	717.5562299456448
ENSDARG00000100826	3.1972147856108995e-7	7.565391832578788e-5	0.3065869486461732	15	25501864	25527581	-1	protein_coding	hif1al	hypoxia inducible factor 1 subunit alpha, like [Source:ZFIN;Acc:ZDB-GENE-040426-1315]	2708	2900	4111	3095	3089	3944	3849	4342	3611	3644	3277	3327	4701	3723	3349	3810	4128	3543	4511	3194	3578	4371	2984.5625693305037	2728.970779274984	3423.883821217351	3108.3580758365893	2837.8529986952585	3624.997468398346	3820.8870028269407	4149.218272729137	4175.766576344455	3851.134325079453	3962.114079449283	3501.3292444784433	3979.7882973969367	3687.796597366837	3756.0082843801983	3731.0037947761325	4093.321069574852	3569.6655808983915	3885.459940933778	3535.8184245249513	3636.9049920777543	4000.5590320056294
ENSDARG00000086881	3.2091463549747564e-7	7.565391832578788e-5	-0.5136256265471778	11	31038409	31039533	-1	protein_coding	ier2b	immediate early response 2b [Source:ZFIN;Acc:ZDB-GENE-030131-8244]	422	539	479	439	520	225	239	300	250	258	183	298	341	307	285	386	234	255	269	268	210	251	465.09800748060286	507.2121551824884	398.9395160211898	440.89473191995563	477.72209754662816	206.80132616369875	237.25435013656505	286.68021230279624	289.10042760623475	272.66538305996124	221.25934590760417	313.61470239091557	288.6849201047342	304.09711399183965	319.6364171538837	377.996709916952	232.03418853694654	256.91919930259377	231.69778854160634	296.6810700603278	213.45725219014207	229.7278236178021
ENSDARG00000010641	4.204646562165055e-7	9.807891349218697e-5	0.22643919962891929	10	17713022	17728165	1	protein_coding	slc20a1b	solute carrier family 20 member 1b [Source:NCBI gene;Acc:321541]	2300	2651	2885	2368	2704	2648	2660	2897	2221	2602	1964	2825	3217	2896	2534	3041	3027	2803	3342	2503	2838	2951	2534.8943535672665	2494.655702019994	2402.7985463906734	2378.2203307208542	2484.1549072424664	2433.8218296954415	2640.5714282981717	2768.3752501373356	2568.3681988537896	2749.9043671396093	2374.6084992488227	2973.0252827326726	2723.458615768123	2868.6164238448455	2841.960284448917	2977.9481732058316	3001.570464535629	2824.096139784982	2878.565090357057	2770.8683520932855	2884.72229388392	2700.903615522446
ENSDARG00000076839	4.379186728512865e-7	1.0108622698317196e-4	0.8035413869693553	15	509126	516750	1	protein_coding	ftr86	finTRIM family, member 86 [Source:ZFIN;Acc:ZDB-GENE-060929-108]	102	137	161	124	102	114	74	123	74	116	82	158	207	243	192	245	156	133	203	130	84	146	112.41705394080923	128.92034371057682	134.0903174935523	124.53518623707176	93.70702682645398	104.77933858960736	73.45950590002433	117.53888704414645	85.57372657144548	122.59373811998259	99.14353204603027	166.2789361669955	175.24275208703807	240.70227589582095	215.33400734577427	239.92019152759906	154.68945902463105	134.00099414605873	174.85000399236463	143.91245935762169	85.38290087605684	133.62654282151038
ENSDARG00000041051	4.5924800768627786e-7	1.0491686443637029e-4	-0.4518343744312253	9	30263188	30264415	-1	protein_coding	mid1ip1a	MID1 interacting protein 1a [Source:NCBI gene;Acc:30600]	705	803	1134	844	828	593	551	637	557	630	487	522	718	605	532	648	702	583	845	714	527	734	777.0002257673578	755.6425985371766	944.4622362589337	847.6427192265206	760.6805707088618	545.0363840669927	546.9755101474784	608.717650789604	644.115752706691	665.8108190999054	588.8158549563018	549.3519283491877	607.8468405724316	599.2793288764267	596.6546453539162	634.5644249383029	696.1025656108396	587.3878164447536	727.8239082440795	790.4115075487838	535.6760566866899	671.793715280744
ENSDARG00000077308	5.194191862436147e-7	1.1745233844039287e-4	1.7976233683887424	6	39114345	39119142	1	protein_coding	gpr84	G protein-coupled receptor 84 [Source:ZFIN;Acc:ZDB-GENE-070928-33]	7	9	16	28	6	23	10	15	29	23	16	37	60	33	54	37	8	13	11	20	14	8	7.714895858682985	8.469219659818915	13.325745837868553	28.120848505145233	5.51217804861494	21.139691118955874	9.926960256760044	14.334010615139812	33.53564960232323	24.307379109996546	19.345079423615665	38.93873821632173	50.795000604938565	32.687963393259636	60.562689565999015	36.232845251106795	7.932792770493899	13.097841533073408	9.4746307582069509	22.14037836271103	14.230483479342805	7.322002346384131
ENSDARG00000010423	5.653891922880018e-7	1.2655580304143555e-4	0.5166233006607419	7	38653481	38659477	-1	protein_coding	npsn	nephrosin [Source:ZFIN;Acc:ZDB-GENE-040420-2]	239	290	426	269	324	360	272	258	310	339	245	364	510	388	369	488	298	332	370	328	293	371	263.40858717503335	272.8970779274984	354.7979829332502	270.16100885300244	297.6576146252068	330.882121861918	270.0133189838732	246.54498258040476	358.48453023173107	358.2696312299491	296.22152867411484	383.07299218219214	431.75750514197784	384.3312059571133	413.84504536765996	477.8818508794626	295.4965307008978	334.4987222292594	318.69212550332475	363.1022051484609	297.82368996053157	339.55785881356405
ENSDARG00000076146	6.05028699028641e-7	1.3407435970474684e-4	0.8415877713289157	7	2244859	2249885	1	protein_coding	zgc:172075	zgc:172075 [Source:ZFIN;Acc:ZDB-GENE-080215-3]	76	90	127	84	114	60	62	61	66	76	71	99	231	162	163	192	94	78	124	90	56	111	83.76172646570099	84.69219659818916	105.77310758808163	84.3625455154357	104.73138292368387	55.14702031031967	61.54715359191227	58.29164316823523	76.32251288804598	80.32003531998859	85.8437899422945	104.1874346869149	195.5607523290135	160.4681839305473	182.8095999862563	188.01908887060824	93.21031505330332	78.58704919844045	106.80492854706017	99.63170263219963	56.92193391737122	101.59278255607981
ENSDARG00000026629	6.405095695404957e-7	1.4053160456452857e-4	0.46777884425447624	20	26709009	26822550	-1	protein_coding	gmds	GDP-mannose 4,6-dehydratase [Source:ZFIN;Acc:ZDB-GENE-050419-45]	262	284	387	309	298	255	257	250	255	240	246	301	513	415	395	426	295	305	354	327	281	371	288.757530710706	267.25093148761914	322.3164774534456	310.33364957463846	273.77150974787537	234.37483631885857	255.1228785987331	238.90017691899686	294.88243615835944	253.64221679996396	297.43059613809083	316.7718973814281	434.29725517222477	411.0759032788712	443.0048588624002	417.16735343166204	292.52173341196254	307.29551289133764	304.91084440047825	361.9951862303253	285.62613269252347	339.55785881356405
ENSDARG00000074656	7.692465510843576e-7	1.6712258403950357e-4	0.7292912808848008	16	29509133	29513434	1	protein_coding	ctss2.1	cathepsin S, ortholog2, tandem duplicate 1 [Source:ZFIN;Acc:ZDB-GENE-050522-559]	77	89	110	108	86	89	88	86	104	95	60	121	203	122	162	143	92	92	97	73	55	85	84.86385444551284	83.75117219154261	91.6145026353463	108.46612994841733	79.00788536348081	81.8014134603075	87.35725025948838	82.18166086013491	120.26577788419365	100.40004414998573	72.54404783855874	127.34019795067377	171.8564187133755	120.84641012053562	181.68806869799704	140.03505056508843	91.22711686067984	92.69241700328874	83.54901668600675	80.81238102389526	55.90547081170388	77.79627493033139
ENSDARG00000055045	8.087332620006334e-7	1.7399542801877705e-4	0.5482745595315024	14	4125363	4145594	-1	protein_coding	casp3b	caspase 3, apoptosis-related cysteine peptidase b [Source:ZFIN;Acc:ZDB-GENE-070607-1]	147	172	225	177	185	154	169	146	137	167	163	198	316	253	267	237	246	173	263	172	184	208	162.0128130323427	161.85619794320596	187.39330084502652	177.76393519323952	169.95882316562734	141.54401879648714	167.76562833924473	139.51770332069415	158.42703432821665	176.49270918997493	197.07799662808458	208.3748693738298	267.5203365193431	250.60771934832385	299.4488539652174	232.08606282465706	243.9333776926874	174.3020450170538	226.52980812803892	190.40725391931485	187.02921144279117	190.3720610059874
ENSDARG00000002165	9.82734559873992e-7	2.0939805621930443e-4	0.7658980936214212	24	12945803	12954482	1	protein_coding	psme1	proteasome activator subunit 1 [Source:ZFIN;Acc:ZDB-GENE-991110-17]	117	204	193	222	144	134	125	138	148	145	116	176	340	319	278	329	154	110	153	118	143	195	128.94897363798705	191.9689789558954	160.7418091692894	222.95815600508007	132.29227316675858	123.16167869304725	124.08700320950054	131.87289765928625	171.14745314289095	153.24217264997824	140.25182582121357	185.22210611007094	287.83833676131854	315.9836461348431	311.785698136069	322.17854290849016	152.70626083200756	110.82788989523654	131.78350054596942	130.62823233999507	145.3542241104301	178.47380719311317
ENSDARG00000016260	1.0185617565426881e-6	2.1496503357129493e-4	-0.20334171420284836	7	22718251	22761090	1	protein_coding	fxr2	fragile X mental retardation, autosomal homolog 2 [Source:ZFIN;Acc:ZDB-GENE-040426-943]	1785	1873	2160	1839	2070	2106	1815	2035	1646	1823	1468	1598	1846	1625	1407	1657	1834	1786	2076	1546	1658	2022	1967.2984439641614	1762.538713648981	1798.9756881122546	1846.9371571772174	1901.7014267721545	1935.6604128922202	1801.7432866019478	1944.6474401206344	1903.4372153594495	1926.6240051097263	1774.9110371167371	1681.7325316130305	1562.7928519452767	1609.6345610317244	1577.9945225807521	1622.643907596864	1818.5927426357264	1799.4419213899314	1788.1212230943302	1711.4512474375626	1685.295829196455	1850.636093048589
ENSDARG00000102599	1.192145716209851e-6	2.492259346340594e-4	0.3683326567926802	8	52515188	52529642	1	protein_coding	si:ch1073-392o20.2	si:ch1073-392o20.2 [Source:ZFIN;Acc:ZDB-GENE-091204-431]	810	793	1116	995	904	899	865	862	816	850	701	967	1402	1041	1045	1294	962	790	988	744	827	1011	892.7236636476026	746.2323544707111	929.4707721913315	999.2944379506966	830.5014926579844	826.286187649623	858.6820622097438	823.7278100167011	943.6237957067502	898.3161844998724	847.5562922471613	1017.6691852752193	1186.9098474687312	1031.156663405554	1172.0001962309068	1267.17031770087	953.9183306518914	795.9457547021533	850.9941081007698	823.6220750928503	840.6149883868928	925.3180465242945
ENSDARG00000063177	1.2415333706931635e-6	2.5712504200523835e-4	0.6496235828182496	22	32228882	32235551	1	protein_coding	manf	mesencephalic astrocyte-derived neurotrophic factor [Source:ZFIN;Acc:ZDB-GENE-060929-640]	126	154	127	133	137	129	81	100	84	89	85	164	247	232	142	248	137	114	138	160	116	138	138.86812545629374	144.91775862356812	105.77310758808163	133.57403039943986	125.8613987767078	118.56609366718727	80.40837807975635	95.56007076759875	97.13774367569488	94.05898872998664	102.77073443795821	172.59332614802065	209.10608582366376	229.80628809806774	159.25744293281224	242.85798979120233	135.84907619470803	114.85799498233605	118.86354951205084	177.12302690168823	117.90972025741182	126.30454047512626
ENSDARG00000010312	1.334909367211771e-6	2.739036257167856e-4	0.5385756234647524	22	38173960	38199988	1	protein_coding	cp	ceruloplasmin [Source:ZFIN;Acc:ZDB-GENE-010522-1]	1981	3085	3327	2323	2845	2889	2354	2359	2678	2671	1866	2951	4223	3701	3828	4047	2204	2266	1951	2221	2275	1926	2183.315528007285	2903.060294504595	2770.922275161792	2333.0261099090135	2613.6910913849174	2655.329027941892	2336.8064444413144	2254.2620694076545	3096.8437805179865	2822.826504469599	2256.1198877791767	3105.627472334201	3575.1214592442593	3666.0046217713307	4293.221771456375	3963.0898576007894	2185.4844082710692	2283.0545318418726	1680.454964478342	2458.68901717906	2312.4535653932057	1762.7720648919794
ENSDARG00000117266	1.5112748695630377e-6	3.0724634045428364e-4	1.076584937840107	12	46071521	46083500	-1	lincRNA	FO904966.1	NA	54	87	97	108	105	34	29	26	49	51	46	125	218	190	138	247	49	33	65	53	28	76	59.514910909840175	81.86912337824951	80.7873341420781	108.46612994841733	96.46311585076145	31.24997817584781	28.788184744604127	24.845618399575674	56.66368381082201	53.89897106999234	55.617103342895035	131.5497912713572	184.55516886461012	188.20342559755548	154.77131777977527	241.87872370333457	48.588355719275135	33.24836696857096	55.9864544803138	58.67200266118423	28.46096695868561	69.55902229064924
ENSDARG00000105424	1.7076809734372468e-6	3.440200942851763e-4	0.39706588446341273	14	32866748	32876280	-1	protein_coding	si:rp71-46j2.7	si:rp71-46j2.7 [Source:ZFIN;Acc:ZDB-GENE-160113-120]	217	284	357	294	281	274	301	298	264	272	248	299	421	376	336	378	298	260	278	222	233	321	239.16177161917255	267.25093148761914	297.3307040074421	295.26890930402493	258.15367194346635	251.8380594171265	298.8015037284773	284.76901088744427	305.2900515521839	287.4611790399592	299.8487310660428	314.6671007210864	356.4115875779856	372.44467381410976	376.834512855105	370.16258121401	295.4965307008978	261.9568306614682	239.4497591619575	245.75819982609244	236.83590362049097	293.7953441486632
ENSDARG00000020298	1.8069124912002213e-6	3.607313586035757e-4	-0.4696988619615111	22	336256	339623	1	protein_coding	btg2	B-cell translocation gene 2 [Source:ZFIN;Acc:ZDB-GENE-000210-15]	1014	1357	1391	1127	1349	780	792	1199	732	876	720	736	1117	840	788	859	684	593	898	553	572	793	1117.557771529221	1276.9701198193632	1158.5070287796973	1131.8641523320957	1239.3213645969258	716.9112640341557	786.2152523353955	1145.765248503509	846.4860520310554	925.7940913198685	870.5285740627049	774.5651710057512	945.6335945952729	832.0572500102453	883.766655148282	841.1895694783983	678.2537818772284	597.4630791625024	773.4744018972584	612.18146172896	581.4168964417204	725.793482585327
ENSDARG00000088440	1.9499064329485344e-6	3.8580291566196e-4	0.36378901872049774	15	28545143	28587490	-1	protein_coding	ssh2a	slingshot protein phosphatase 2a [Source:ZFIN;Acc:ZDB-GENE-030131-3810]	539	692	672	610	644	765	737	654	571	685	435	701	845	789	731	836	804	742	787	683	772	742	594.0469811185899	651.18888939941	559.6813251904792	612.6327710049497	591.6404438846703	703.1245089565757	731.6169709232151	624.9628628200958	660.3053766526401	723.9371604498972	525.9443468295509	737.7312294497711	715.3629251862181	781.5394884024804	819.8393717175052	818.6664494574401	797.2456734346368	747.5844936569591	677.866764246261	756.0939210865816	784.709517575189	679.1157176271281
ENSDARG00000013598	2.0135664914223727e-6	3.9232032767214716e-4	1.3237092741827516	15	34699585	34702661	1	protein_coding	tnfb	tumor necrosis factor b (TNF superfamily, member 2) [Source:ZFIN;Acc:ZDB-GENE-050601-2]	10	11	22	21	7	7	14	8	12	12	9	38	38	32	32	30	15	13	13	6	12	10	11.02127979811855	10.351268473112007	18.322900527069258	21.090636378858925	6.4308743900507634	6.433819036203961	13.897744359464062	7.6448056614079	13.876820525099268	12.682110839998199	10.881607175783811	39.99113654649259	32.17016704979443	31.697419048009344	35.88900122429571	29.377982636032538	14.873986444676062	13.097841533073408	11.19729089606276	6.642113508813309	12.197557268008119	9.152502932980163
ENSDARG00000105641	2.0182543932592406e-6	3.9232032767214716e-4	0.44563676494057586	7	34256520	34265481	-1	protein_coding	si:ch211-98n17.5	si:ch211-98n17.5 [Source:ZFIN;Acc:ZDB-GENE-160728-87]	361	437	482	453	442	361	364	359	329	425	286	446	665	566	516	662	456	349	462	402	331	409	397.86820071207967	411.2276657045407	401.43809336579017	454.95515617252823	406.0637829146339	331.80123886709	361.3413533460656	343.0606540556795	380.45616272980493	449.1580922499362	345.79329469713	469.36965525620246	562.9779233714024	560.6480994116653	578.7101447417684	648.2741501684513	452.16918791815226	351.6266688494323	397.93449184469193	445.0216050904917	336.4492879758906	374.3373699588887
ENSDARG00000090526	2.0377688981367376e-6	3.9266920680617484e-4	0.8007545855240246	12	30540911	30549022	-1	protein_coding	zgc:158404	zgc:158404 [Source:ZFIN;Acc:ZDB-GENE-070112-592]	146	160	156	112	167	63	101	73	49	115	60	166	316	274	226	269	89	112	106	99	66	108	160.91068505253085	150.56390506344738	129.92602191921839	112.48339402058093	153.4222890197825	57.90437132583565	100.26229859327644	69.75885166034708	56.66368381082201	121.53689554998273	72.54404783855874	174.69812280836237	267.5203365193431	271.40915059857997	253.46607114658846	263.4225776364251	88.25231957174464	112.8429424387863	91.3009873063579	109.5948728954196	67.08656497404465	98.84703167618576
ENSDARG00000068951	2.073707653758412e-6	3.9614966902833115e-4	1.5548370569710948	18	15758375	15768336	1	protein_coding	si:ch211-219a15.4	si:ch211-219a15.4 [Source:ZFIN;Acc:ZDB-GENE-060503-308]	47	119	59	134	103	14	8	11	21	24	18	150	380	260	248	289	26	22	16	18	11	36	51.80001505115719	111.981904390939	49.138687777140284	134.57834641748076	94.62572316788982	12.867638072407923	7.941568205408035	10.511607784435862	24.28443591892372	25.364221679996398	21.763214351567623	157.85974952562864	321.70167049794424	257.5415297650759	278.13975948829176	283.0078993937801	25.78157650410517	22.165577979047306	13.781281102846474	19.926340526439926	11.181094162340775	32.94901055872859
ENSDARG00000103979	2.5689078129386163e-6	4.865555310659807e-4	0.3169730529331241	22	4762478	4769140	-1	protein_coding	calr3a	calreticulin 3a [Source:ZFIN;Acc:ZDB-GENE-000208-17]	953	1131	1298	1076	1185	873	889	884	873	847	758	1190	1616	1437	1157	1369	1143	1096	1089	1109	955	1268	1050.327964760698	1064.2986039172438	1081.0511310970862	1080.6440354120098	1088.6551646014507	802.3891455151511	882.5067668259678	844.7510255855728	1009.5386932009717	895.1456567898729	916.4731376937921	1252.3540129033206	1368.0786829596786	1423.4122241246696	1297.611700515942	1340.6152742909514	1133.3977670843158	1104.248793865266	937.9884450624882	1227.6839802123266	970.7222659123128	1160.5373719018846
ENSDARG00000091260	2.8006264124368246e-6	5.259481466067799e-4	0.36365238335585587	2	394166	424925	1	protein_coding	mylk4a	myosin light chain kinase family, member 4a [Source:ZFIN;Acc:ZDB-GENE-120824-2]	360	456	566	407	514	597	586	594	481	628	519	516	662	566	498	597	631	645	640	492	604	528	396.76607273226784	429.10712943082507	471.39825901460006	408.7566193426468	472.2099194980132	548.7128520876806	581.7198710461386	567.6268203595365	556.2292227143956	663.6971339599057	627.5060138035332	543.0375383681625	560.4381733411556	560.6480994116653	558.522581553102	584.6218544570476	625.6990297727064	649.854445294796	551.251244113859	544.6533077226914	613.9437158230753	483.2521548613526
ENSDARG00000070682	3.0149725138131928e-6	5.614436210596668e-4	0.23574579253503694	23	24693533	24699400	-1	protein_coding	sdf4	stromal cell derived factor 4 [Source:NCBI gene;Acc:406360]	605	694	757	667	700	703	690	709	620	635	547	708	872	803	714	779	693	696	783	709	667	758	666.7874277861723	653.070938212703	630.4743499541559	669.8787840332811	643.0874390050764	646.139254635912	684.960257716443	677.5209017422751	716.9690604634621	671.0950319499046	661.3599027948605	745.0980177609672	738.2206754584405	795.4071092359844	800.7733398170981	762.8482824489782	687.178173744034	701.2382851553148	674.4214439705494	784.876412958106	677.980891480118	693.7597223198964
ENSDARG00000098700	3.2112540299127446e-6	5.930115775238868e-4	1.4599205754677766	10	44955106	44964776	1	protein_coding	il1b	interleukin 1, beta [Source:ZFIN;Acc:ZDB-GENE-040702-2]	12	14	20	28	16	34	16	27	36	28	10	59	56	45	49	28	20	18	22	42	21	21	13.22553575774226	13.174341693051646	16.65718229733569	28.120848505145233	14.699141462973174	31.24997817584781	15.88313641081607	25.80121910725166	41.6304615752978	29.591591959995796	12.09067463975979	62.091501480080595	47.408667231276	44.574495536263136	54.95503312470281	27.419450460297035	19.83198192623475	18.135472891947796	18.949261516413902	46.49479456169316	21.34572521901421	19.220256159258344
ENSDARG00000058647	3.3987624830223303e-6	6.22451046477478e-4	0.6858866634015836	23	7505943	7545960	1	protein_coding	hck	HCK proto-oncogene, Src family tyrosine kinase [Source:ZFIN;Acc:ZDB-GENE-090313-72]	53	80	86	80	91	82	77	50	76	63	42	99	161	135	99	111	74	73	65	62	52	75	58.41278293002832	75.28195253172369	71.62588387854346	80.3452814432721	83.60136707065993	75.36759442410354	76.43759397705233	47.78003538379937	87.88652999229537	66.58108190999054	50.78083348699112	104.1874346869149	136.29991828991848	133.72348660878941	111.03159753766487	108.6985357533204	73.37833312706857	73.54941783956606	55.9864544803138	68.63517292440419	52.85608149470185	68.64377199735122
ENSDARG00000035598	3.5338881830309567e-6	6.375924723847768e-4	0.23174928156572916	5	20319519	20419863	1	protein_coding	coro1ca	coronin, actin binding protein, 1Ca [Source:NCBI gene;Acc:317741]	1153	1225	1523	1166	1247	1244	1127	1236	1079	1156	1098	1292	1630	1423	1263	1521	1344	1232	1469	1202	1228	1323	1270.7535607230689	1152.754898142019	1268.4444319421127	1171.0324770356908	1145.6143377704718	1143.3815544339611	1118.768420936857	1181.1224746875205	1247.7574455485092	1221.7100109198266	1327.5560754456249	1359.6986425807481	1379.9308497674976	1409.5446032911655	1416.4940170714215	1489.4637196468498	1332.709185442975	1241.2723668266492	1265.293871255092	1330.636739598933	1248.2166937594975	1210.8761380332755
ENSDARG00000032801	3.5404565927487626e-6	6.375924723847768e-4	0.6204236190759304	10	2715548	2755378	1	protein_coding	grk5	G protein-coupled receptor kinase 5 [Source:ZFIN;Acc:ZDB-GENE-091204-274]	100	140	135	122	113	43	55	35	41	52	46	119	234	195	171	187	89	67	100	70	62	77	110.21279798118552	131.74341693051647	112.43598050701591	122.52655420098995	103.81268658224805	39.52203122239576	54.59828141218024	33.44602476865956	47.412470127422495	54.95581363999219	55.617103342895035	125.23540129033205	198.10050235926042	193.15614732380692	191.7818502923302	183.1227584312695	88.25231957174464	67.5042602089168	86.13300689279046	77.4913242694886	63.02071255137528	70.47427258394725
ENSDARG00000101334	3.595375005409477e-6	6.375924723847768e-4	0.3045630900855913	15	43604032	43625549	-1	protein_coding	ctsc	cathepsin C [Source:ZFIN;Acc:ZDB-GENE-030619-9]	695	984	1041	877	849	853	709	737	726	743	627	865	1220	1074	1014	1094	807	819	910	684	736	802	765.9789459692392	925.9680161402015	867.0063385763227	880.7851478218704	779.973193879014	784.0068054117113	703.8214822042871	704.2777215572028	839.5476417685057	785.2340295098885	758.0852999129388	910.3245555977918	1032.8316789670841	1063.8446267988136	1137.2327262948704	1071.31710012732	800.2204707235721	825.1640165836247	783.8103627243933	757.2009400047173	748.1168457711647	734.030735225009
ENSDARG00000079497	3.596527935383443e-6	6.375924723847768e-4	-0.38546379982097045	5	27866649	27867657	-1	protein_coding	tcima	transcriptional and immune response regulator a [Source:ZFIN;Acc:ZDB-GENE-050320-36]	332	445	501	310	439	301	282	286	231	256	207	253	336	297	287	311	286	334	327	286	306	378	365.90648929753587	418.755860957713	417.26241654825907	311.3379655926794	403.30769389032645	276.65421855677033	279.94027924063323	273.3018023953324	267.1287951081609	270.55169791996155	250.27696504302764	266.25677753322697	284.45200338765596	294.1916705393367	321.8794797304022	304.55175332687065	283.5973415451569	336.51377477280914	281.6549325394248	316.60741058676774	311.037710334207	345.96461086665016
ENSDARG00000016939	3.905747173792203e-6	6.869155346923431e-4	0.5243836959408233	9	44961138	44983666	-1	protein_coding	itgb2	integrin, beta 2 [Source:ZFIN;Acc:ZDB-GENE-110411-4]	122	202	270	194	210	202	150	160	170	140	129	206	331	294	261	278	187	190	211	153	154	176	134.45961353704632	190.08693014260234	224.87196101403183	194.83730749993484	192.9262317015229	185.66163504474287	148.90440385140064	152.896113228158	196.58829077223962	147.957959799979	155.9697028529013	216.79405601519667	280.2190866705778	291.22003750358584	292.7196662356619	272.23597242723486	185.4290310102949	191.42999163722675	181.74064454378788	169.3738944747394	156.53531827277087	161.08405162045088
ENSDARG00000069844	4.114283948458554e-6	7.178939551011147e-4	2.071421745529506	9	21833628	21838045	-1	protein_coding	acod1	aconitate decarboxylase 1 [Source:ZFIN;Acc:ZDB-GENE-081104-428]	13	13	29	55	13	48	9	39	60	52	26	67	121	74	125	111	12	12	17	19	9	24	14.327663737554117	12.2333172864051	24.152914331136753	55.23738099224957	11.943052438665704	44.117616248255736	8.93426423108404	37.26842759936351	69.38410262549634	54.95581363999219	31.435754063375455	70.51068812144746	102.43658455329278	73.30028154852161	140.19141103240514	108.6985357533204	11.89918915574085	12.090315261298532	14.64261117177438	21.033359444575478	9.148167951006089	21.96600703915239
ENSDARG00000087706	4.184687624655934e-6	7.204316377274315e-4	1.6458919979229374	16	21808418	21810668	-1	protein_coding	dicp3.3	diverse immunoglobulin domain-containing protein 3.3 [Source:ZFIN;Acc:ZDB-GENE-120306-20]	9	9	4	6	7	8	5	9	8	7	7	19	16	22	25	23	5	11	9	6	3	5	9.919151818306696	8.469219659818915	3.331436459467138	6.025896108245408	6.4308743900507634	7.352936041375956	4.963480128380022	8.600406369083887	9.251213683399511	7.397897989998949	8.463472247831854	19.995568273246295	13.545333494650285	21.791975595506422	28.038282206481025	22.52312002095828	4.9579954815586875	11.082788989523653	7.751970620351142	6.642113508813309	3.0493893170020296	4.576251466490081
ENSDARG00000042816	4.219299856869243e-6	7.204316377274315e-4	1.225708910022114	8	24281512	24295947	1	protein_coding	mmp9	matrix metallopeptidase 9 [Source:ZFIN;Acc:ZDB-GENE-040426-2132]	105	124	142	269	131	192	129	233	281	184	136	339	371	282	387	356	179	137	119	165	119	210	115.72343788024479	116.68702642417172	118.2659943110834	270.16100885300244	120.34922072809286	176.47046499302294	128.05778731220457	222.65496488850508	324.9488806294078	194.45903287997237	164.43317510073314	356.76303392792073	314.0824204072035	279.3335053605823	434.0326085563263	348.6187272809195	177.496238239801	138.03109923315824	102.49827820242065	182.658121492366	120.95910957441384	192.20256159258344
ENSDARG00000097909	4.226358885585113e-6	7.204316377274315e-4	1.557849540363932	6	39290777	39306721	1	protein_coding	si:dkey-195m11.11	si:dkey-195m11.11 [Source:ZFIN;Acc:ZDB-GENE-131127-648]	12	11	19	42	11	30	15	28	35	21	20	37	47	48	53	85	18	9	11	18	9	17	13.22553575774226	10.351268473112007	15.824323182468905	42.18127275771785	10.105659755794058	27.573510155159834	14.890440385140066	26.75681981492765	40.474059864872864	22.193693969996847	24.18134927951958	38.93873821632173	39.789417140535214	47.54612857201401	59.441158277739774	83.23761746875886	17.848783733611274	9.067736445973898	9.4746307582069509	19.926340526439926	9.148167951006089	15.559254986066277
ENSDARG00000090654	4.277235114492614e-6	7.235383979935597e-4	0.2081003551596283	5	9441198	9540770	-1	protein_coding	gak	cyclin G associated kinase [Source:ZFIN;Acc:ZDB-GENE-041210-358]	782	869	1007	788	985	954	881	901	747	833	732	896	1197	1012	863	959	920	921	1051	793	869	1056	861.8640802128707	817.7502093758486	838.689128670852	791.4010222162301	904.9158963142861	876.8376229340827	874.5651986205598	860.9962376160647	863.8320776874294	880.3498608098749	885.0373836304167	942.9489038330884	1013.3602620685244	1002.4308773932954	967.881501767725	939.1161782651735	912.2711686067985	927.9316963046623	905.2579024432277	877.8660020814923	883.3064388249213	966.5043097227052
ENSDARG00000005821	4.507798192047305e-6	7.567636964830929e-4	0.9065555629482083	7	41329748	41338923	-1	protein_coding	ncf2	neutrophil cytosolic factor 2 [Source:ZFIN;Acc:ZDB-GENE-070209-29]	25	36	32	39	38	37	28	34	39	30	16	53	81	62	53	59	23	42	22	32	29	26	27.55319949529638	33.87687863927566	26.651491675737105	39.16832470359515	34.91046097456129	34.007329191363795	27.795488718928123	32.49042406098357	45.09966670657262	31.705277099995495	19.345079423615665	55.77711149905545	68.57325081666707	61.413749405518104	59.441158277739774	57.77669918419733	22.80677921516996	42.316103414544855	18.949261516413902	35.424605380337645	29.477430064352955	23.796507625748426
ENSDARG00000058325	4.820897963039684e-6	8.032413448192436e-4	0.6081285650993408	6	13045885	13058979	1	protein_coding	casp8	caspase 8, apoptosis-related cysteine peptidase [Source:ZFIN;Acc:ZDB-GENE-000713-1]	104	144	159	188	141	129	134	118	144	125	104	169	230	228	192	260	140	125	143	165	141	149	114.62130990043293	135.50751455710264	132.42459926381875	188.81141139168943	129.5361841424511	118.56609366718727	133.02126744058458	112.76088350576651	166.5218463011912	132.10532124998124	125.74301625350182	177.85531779887492	194.71416898559784	225.84411071706657	215.33400734577427	254.60918284561532	138.82387348364324	125.9407839718597	123.17019985669037	182.658121492366	143.3212978990954	136.37229370140443
ENSDARG00000090783	5.507193155875813e-6	9.107417935388659e-4	0.9943918128413907	1	59090583	59092056	1	protein_coding	mfap4	microfibril associated protein 4 [Source:ZFIN;Acc:ZDB-GENE-040426-2246]	21	29	30	21	20	27	12	22	22	30	12	43	53	39	49	47	22	24	18	21	14	20	23.14468757604896	27.28970779274984	24.985773446003535	21.090636378858925	18.373926828716467	24.81615913964385	11.912352308112052	21.023215568871723	25.440837629348657	31.705277099995495	14.508809567711749	45.253128197346875	44.86891720102907	38.63122946476139	54.95503312470281	46.02550612978431	21.815180118858223	24.180630522597063	15.503941240702284	23.24739728084658	14.230483479342805	18.305005865960325
ENSDARG00000007377	5.634268804371996e-6	9.248547904065439e-4	0.3721312197605435	17	51743908	51760243	1	protein_coding	odc1	ornithine decarboxylase 1 [Source:ZFIN;Acc:ZDB-GENE-010816-1]	784	954	1001	695	906	681	743	853	584	604	511	979	1165	990	1106	1130	916	910	1018	906	846	946	864.0683361724944	897.737283940805	833.6919739816514	697.9996325384263	832.338885340856	625.9186805221282	737.5731470772712	815.1274036476173	675.3385988881644	638.3329122799094	617.8334740917253	1030.2979652372696	986.2695950792238	980.638901797789	1240.4136048147207	1106.570679290559	908.3047722215515	916.8489073151386	876.8340101686069	1002.9591398308097	859.9277873945724	865.8267774599234
